Location_Latitude,Location_Longitude,Traffic_Density(cars/kmÂ²),Average_Speed(km/h),Time_of_Day
37.94392828347646,-121.67539083148984,454,29.062077802675795,Evening
37.76582903923491,-121.32724401375307,262,18.22512881486613,Afternoon
37.00540492367267,-121.66273310394577,231,27.63987551508502,Morning
37.00134627095656,-121.82040021855991,392,74.45295157383136,Night
37.37810076978745,-121.71864937814615,378,50.71121864948287,Evening
37.14339537001089,-121.54242466774957,89,47.3436146121348,Afternoon
37.0183861421516,-121.52461414464452,16,51.74755197847231,Morning
37.464066689404504,-121.2169997686528,281,35.621978602256064,Afternoon
37.94306189740697,-121.24984677056848,236,66.4974914223659,Morning
37.32381957490243,-121.54318219544386,25,46.630037451017486,Evening
37.661140678428694,-121.15433265090122,433,18.172353193815688,Night
37.65223535313244,-121.88576286140861,21,19.034558738034406,Evening
37.25108010366517,-121.7446466497711,300,47.58014025518328,Afternoon
37.650425248823865,-121.17202353649775,250,75.55991526495875,Afternoon
37.21233397428689,-121.62200596137384,30,31.58464851733391,Morning
37.12200741357689,-121.01881844120616,187,70.86788182014527,Evening
37.70138328555969,-121.53374671847216,436,63.48669106052155,Morning
37.113440817103914,-121.20806437703624,237,27.34687100348348,Evening
37.99690921858936,-121.59769295861763,282,12.543852382136972,Afternoon
37.18345240115023,-121.57504648093757,297,17.12930855996679,Morning
37.59414186275646,-121.61711685271581,306,60.99457536932081,Morning
37.41137457141259,-121.28092437948919,143,23.97688166284527,Evening
37.126386422405666,-121.45248211594,481,35.98896443537757,Night
37.02784390757741,-121.05622188863163,292,45.11894162044974,Evening
37.62273228229283,-121.74910968346589,413,60.7827717915114,Night
37.80675756378913,-121.89943726791655,162,17.926185628138775,Evening
37.84201566150674,-121.60673851490078,75,38.4456483694223,Afternoon
37.482713473076934,-121.38328729235323,146,43.95510363998868,Morning
37.777455467182385,-121.1392010630845,101,47.85789447800778,Evening
37.672847133488546,-121.65380311331967,446,67.28524489766517,Afternoon
37.724254527499134,-121.34621324887554,326,22.017473653025185,Evening
37.49259900522181,-121.64980131897678,431,66.54820162786356,Morning
37.633411740242124,-121.38278041700555,268,58.50148993876565,Evening
37.805525913576055,-121.11519205296935,477,48.91095699392715,Night
37.397884175557024,-121.76864235774059,463,58.96695092818003,Morning
37.805978900867586,-121.59575835789296,112,38.84124172661595,Night
37.592016842789064,-121.00673480357025,490,19.68783101776872,Afternoon
37.16590102437079,-121.13144297175054,64,56.603566818575715,Afternoon
37.024684157224584,-121.4353601421038,266,46.72706146799356,Evening
37.36275360039915,-121.48337240814573,110,54.756236037994285,Night
37.54669632829634,-121.71539961769533,207,33.6599146719943,Night
37.83982035220349,-121.48279057230647,310,73.48066041378851,Morning
37.127485680140246,-121.15181850172006,235,51.11589080029039,Night
37.80020634768358,-121.31482548672221,440,15.978173900361167,Night
37.863009046067226,-121.70995597182201,472,41.48627934931001,Morning
37.15068748700083,-121.79853607894647,246,62.9449238320544,Morning
37.85159431930422,-121.73479146300318,35,65.58941932125907,Night
37.99145356784279,-121.83024079860718,130,44.62179369346311,Evening
37.72683883104824,-121.90435930397628,407,72.63232995819108,Morning
37.78476968182499,-121.58086382555794,191,28.73679060360083,Morning
37.99441526755887,-121.88670039560174,208,38.741908806678666,Night
37.60548125052595,-121.8280874422729,311,72.9017837398279,Night
37.30788638201625,-121.45267531566051,264,72.73797015301052,Morning
37.837530834076055,-121.83540072630042,131,57.99989381772767,Night
37.61448577751163,-121.9361202325691,40,70.12863829855542,Morning
37.581195423720956,-121.68261114997212,481,16.214128686936284,Evening
37.25363555551404,-121.77968090137803,324,70.54964833454434,Evening
37.75633426958289,-121.48469481200563,488,32.44339345851587,Morning
37.0816672758601,-121.89763291541679,294,22.483205869975144,Morning
37.92428707079466,-121.24822921231703,115,26.755888543943243,Afternoon
37.325823460770486,-121.09376648056487,233,39.2577955609721,Afternoon
37.12777465278999,-121.2565648260438,282,27.583440322312704,Night
37.442366533102415,-121.46717296259861,407,32.439731021154934,Night
37.04246990925653,-121.13933217821112,241,19.448494025014945,Morning
37.684626194264965,-121.30508162021849,429,30.732373589129896,Morning
37.90270551044536,-121.9894488775498,265,50.05986701794008,Afternoon
37.83726300713851,-121.60590984722549,451,40.92975956637447,Afternoon
37.12736947344788,-121.1490481005932,33,34.27031328651378,Morning
37.12627113710773,-121.65414114202473,118,62.25164901999798,Evening
37.81343448232426,-121.96478482647447,200,72.54569799753224,Evening
37.924254274603115,-121.25382036144772,356,62.97524560316779,Night
37.46066982983349,-121.19796172971714,34,33.240049148237546,Morning
37.498971116913765,-121.8394063049567,196,62.11095174862876,Morning
37.31826204138573,-121.46265950315681,297,20.638612773183585,Night
37.89426511825641,-121.80804456100428,125,19.122259166390364,Afternoon
37.644902905292355,-121.28076558095586,347,34.19389259253113,Afternoon
37.288251577167365,-121.72844954482251,375,66.53916583308398,Evening
37.29878287105425,-121.68378487743666,411,27.24437730696113,Morning
37.8912000730636,-121.1550291463599,46,14.42773862290757,Afternoon
37.01363402390582,-121.5236776477931,291,19.219667464444857,Evening
37.32272657272664,-121.33024554878175,146,70.1121477970706,Evening
37.55435668121637,-121.59762694927753,236,54.36482993231014,Evening
37.148217462099325,-121.70199314280624,329,27.724081435898366,Afternoon
37.09209875419959,-121.37452193957535,337,48.87070777297269,Afternoon
37.81527633109056,-121.84514242592118,413,46.93057356977453,Morning
37.89440438864851,-121.62700016443314,191,55.880518490846285,Morning
37.82360642079819,-121.79096296261407,371,26.323128809513143,Evening
37.89878788973735,-121.30420503305925,95,70.50820910360784,Evening
37.55311197105837,-121.05579116165389,476,31.655799345600897,Afternoon
37.81225812099034,-121.00448903198414,423,58.58921577833658,Afternoon
37.3840426383911,-121.5497231895584,62,11.128725246055042,Morning
37.666267861479035,-121.74746961036355,357,36.085999092590306,Morning
37.988835531389164,-121.55717062961567,364,34.61968725711658,Night
37.22572772383913,-121.15273059003728,244,48.04391000081102,Morning
37.38989974629108,-121.79399432144795,456,15.091538324403755,Afternoon
37.480047377310086,-121.04790434834707,276,65.30919616082758,Evening
37.13801548702005,-121.65813423120184,296,25.244656123729797,Night
37.08103861046506,-121.01419634054969,442,57.392647041740716,Morning
37.829722866321625,-121.16139111246603,496,66.22484862708652,Morning
37.976794372827584,-121.19142946585261,109,49.33138693690592,Afternoon
37.40472506382966,-121.68209532622672,487,61.861824470538984,Night
37.08764983619465,-121.99122278805207,96,56.33022185505039,Morning
37.06581176069058,-121.617867091174,412,34.887085800640534,Evening
37.891318206360296,-121.69819063033731,405,66.62009773234956,Afternoon
37.46381424972768,-121.9626030095912,24,30.629095891986957,Night
37.32002731656239,-121.49463474349407,424,49.9849042426062,Morning
37.4764612712394,-121.59696868871727,436,62.17784173990776,Morning
37.318304094692344,-121.36544353225848,110,36.52691368687553,Night
37.48903577530762,-121.37881367780592,174,31.19373253321975,Afternoon
37.85955639691794,-121.87925336410332,472,42.15422071209759,Night
37.59230137106209,-121.02303445387338,38,67.25744460444075,Night
37.69465377281018,-121.81306857055856,123,75.09452342019654,Afternoon
37.36467067623434,-121.5547259752353,116,48.15583890019231,Morning
37.738505878510516,-121.51188245656627,419,56.30263437265563,Evening
37.66661708487937,-121.18693720278588,373,73.22915355672399,Afternoon
37.11956199775206,-121.90077040390536,139,16.898279598905965,Evening
37.57264285311558,-121.57135572079147,93,26.245500450631553,Morning
37.25674349630976,-121.3714978297638,280,59.62300043761077,Night
37.80409566963359,-121.78484437837595,253,67.66211233386097,Evening
37.42593770846694,-121.37253210123393,397,69.99203198314046,Morning
37.99468416519649,-121.07633516245035,223,39.05750237984528,Morning
37.092500437938966,-121.00248186882733,315,16.25379316043068,Night
37.78034786274016,-121.96754892320932,175,40.64470341097339,Night
37.67370173354216,-121.76441177175532,288,26.151421314493764,Morning
37.767498830590704,-121.6896928842083,68,30.38375184976369,Morning
37.30752979549045,-121.60087389955504,99,64.0587289786254,Evening
37.4920544893824,-121.75774284241523,380,15.28689602181208,Morning
37.79650851972371,-121.79651200544468,340,67.93068522364915,Morning
37.23254133162086,-121.0454461575825,421,39.93683600769184,Evening
37.22603319678865,-121.08147839722949,203,51.724475177041654,Afternoon
37.55105095329493,-121.95300749899688,132,16.275656186497528,Evening
37.523563579529856,-121.66118697839515,145,33.615135485009574,Evening
37.28226247041293,-121.5948514463216,422,16.279064331039205,Night
37.29807565052482,-121.76098546533406,148,77.30806060167767,Evening
37.277845163206564,-121.37112710301183,238,66.50831545283754,Morning
37.771512061998486,-121.35961925335576,283,42.174292804952216,Morning
37.65190086556246,-121.1494957716714,448,25.652178382656977,Morning
37.83241718341025,-121.25913073161479,59,75.34185736748965,Afternoon
37.97547302831402,-121.45742667303405,407,34.12176170088802,Morning
37.47416429627199,-121.34641322995559,127,21.268910218116233,Afternoon
37.06669388140545,-121.72601121845697,211,49.42150719177684,Morning
37.04809231041204,-121.40694381003264,492,76.06418842413713,Evening
37.29566503927162,-121.51077274525008,402,10.26812033502258,Night
37.93254458935245,-121.86665553268362,492,26.66873902777991,Morning
37.523213054970874,-121.75745572341702,404,75.69133482872853,Afternoon
37.27178651608013,-121.70830654927842,200,21.97601768000134,Afternoon
37.39916679451102,-121.07569043294744,373,17.92704161478739,Night
37.59859510740467,-121.76961336061412,469,49.91310510598631,Morning
37.65294965813784,-121.71075609718034,332,70.3290676306381,Evening
37.1539195097829,-121.63064586991057,190,43.39768723857483,Morning
37.977031676545174,-121.33625726137461,432,79.61949796791673,Morning
37.544772226982786,-121.88176160752786,87,57.5420189676595,Night
37.13568831779228,-121.04605478750622,449,15.185243504731343,Morning
37.89363525334613,-121.13442877990524,421,79.49824921773828,Evening
37.07463843107943,-121.42278392699104,84,38.55259657461333,Afternoon
37.907735433177514,-121.32596213257504,304,30.118177369183776,Night
37.99656565628898,-121.98333952875578,290,49.05154285045199,Evening
37.700431799156505,-121.66105522465155,30,31.301531427460503,Afternoon
37.77044722107399,-121.20433976933856,403,16.052025498410664,Night
37.33730283646749,-121.92251702620761,180,10.09998401554237,Night
37.94157685273393,-121.71768616578927,24,41.470834704418365,Afternoon
37.52971396610837,-121.41470317166569,220,68.58043955586146,Afternoon
37.732388446597554,-121.74358697230106,57,50.06206299410536,Evening
37.924107715911276,-121.06602202585547,95,79.94451092604086,Morning
37.97517997597551,-121.86894136919571,158,30.079265195303996,Morning
37.833204356596674,-121.20260564209222,197,29.631854533203875,Morning
37.30301750698203,-121.4920513080936,381,21.182462216376095,Morning
37.96654751655208,-121.24966922418004,489,21.48445117857346,Morning
37.62811953124357,-121.68928467168855,315,29.963061720703347,Evening
37.93064247635196,-121.48551039768796,160,65.4988031691469,Night
37.67610502581435,-121.14316465027683,150,73.40297534455135,Evening
37.30723896184772,-121.53312190087689,78,78.2561018795377,Evening
37.37002452414281,-121.64028013808974,269,26.260275786751684,Evening
37.55047177710294,-121.46384461374727,485,71.69082819298642,Night
37.79001484155988,-121.28263724696363,343,32.97785624941359,Evening
37.317982551340336,-121.5564366545015,465,17.89883811618191,Evening
37.579731166134195,-121.06112302485772,18,70.9017447864116,Night
37.3456249935764,-121.70505417595766,130,54.5273944250533,Evening
37.815769404635105,-121.52453639383089,380,21.53116272567432,Morning
37.46672809376795,-121.24307234065856,428,40.08818802591018,Afternoon
37.07672282685289,-121.31087890950424,110,30.108038641394735,Evening
37.16605252148154,-121.13635894758285,158,61.57561980971379,Afternoon
37.06110466761963,-121.00319081931889,451,41.739136143698765,Evening
37.499302946014325,-121.57314167120491,155,79.24959615744694,Evening
37.106337297348226,-121.88884912021669,362,13.832148758171659,Morning
37.11413996930963,-121.96958411919204,465,34.85106862953727,Night
37.94104826003838,-121.27312309386024,252,43.733011697698416,Afternoon
37.87265507217606,-121.12598632869128,250,45.21934883238239,Night
37.45208659681136,-121.77928741405559,346,32.11550756699457,Morning
37.985805320850204,-121.8415519628101,52,61.04681743682976,Morning
37.000186528170666,-121.9377949084743,104,71.23229514422823,Afternoon
37.61397945627339,-121.17729707828279,235,75.7103511384504,Night
37.61642817737187,-121.68861806010742,15,66.35653637596684,Morning
37.45744305586989,-121.59830310724023,223,69.54061381146195,Evening
37.39694797293429,-121.4972498083904,215,48.538171043399686,Evening
37.45538313548061,-121.16054676579044,76,67.81217584987702,Evening
37.41496043607968,-121.34916677843852,405,31.245273640356654,Night
37.7304924774823,-121.38493537014219,109,37.89351334764501,Evening
37.135355434973285,-121.8243279000441,21,32.183910967298104,Evening
37.19763922059113,-121.48681010829017,246,42.71711348135478,Morning
37.18051822839242,-121.28461898282134,331,29.990573136704548,Morning
37.262470585121264,-121.02673911696951,267,77.31280095781128,Evening
37.52525841878158,-121.79859369078665,408,31.89912396039677,Evening
37.11120874733822,-121.99045664693277,416,16.86311766776579,Morning
37.8681692953265,-121.92469856640153,422,46.87720162352894,Afternoon
37.297361531308475,-121.62414753481802,346,13.996935491162345,Night
37.16253798746871,-121.17945535225401,489,17.738021641600636,Night
37.67562130959824,-121.99285791823175,144,25.35725724373724,Morning
37.03808630059932,-121.54326940711417,231,42.504517491749915,Night
37.61996856487416,-121.67076938465861,165,40.32756526163195,Morning
37.6981984306765,-121.94751828990027,151,65.97843034019539,Morning
37.21491653138672,-121.54976371332738,437,61.76322577188794,Morning
37.04196407344364,-121.74525129266328,167,39.842280579349094,Morning
37.36364535891945,-121.648115165653,474,33.35929453029409,Afternoon
37.098594230241936,-121.29438469521571,425,32.1528148843049,Evening
37.11647784967334,-121.47844901608903,335,64.17965611058062,Evening
37.254261231444865,-121.87535257100718,380,13.64506843548888,Afternoon
37.295467924626756,-121.03858545957637,353,10.897515465742408,Night
37.52997034102142,-121.36408923429026,271,65.68810743486537,Night
37.67839188550301,-121.23413157433747,292,43.40024631923345,Evening
37.59277094087018,-121.92078684999163,347,19.16167969875032,Night
37.14836033728952,-121.95294162053997,353,26.48961542161509,Evening
37.172086032452626,-121.98055194963192,238,75.27527671681678,Evening
37.87876924979292,-121.81120597222656,385,70.16520829374286,Afternoon
37.55835231506411,-121.58559160228151,289,59.684953515678075,Night
37.86993783289769,-121.06417386659717,367,43.75576612361286,Afternoon
37.37154651131988,-121.54294034073422,299,46.422653833397,Evening
37.61440000743132,-121.70974489462748,177,78.2671174698771,Evening
37.52366341605461,-121.43806474648034,56,77.60393107190009,Evening
37.31912348982046,-121.8880654218652,472,25.0688332050084,Morning
37.4699153720336,-121.39049410899501,212,66.77731964137226,Morning
37.50249087682693,-121.4315680456695,223,23.806986631691174,Morning
37.20077097475668,-121.2080069665943,255,24.947623451876595,Afternoon
37.31501037237673,-121.01331238838297,33,57.326512391520374,Evening
37.79140975050698,-121.7491265282839,330,38.35007690112839,Night
37.91578823945413,-121.49034354919624,283,75.20810849745641,Afternoon
37.3597940935453,-121.09113459368099,53,16.230681442720616,Afternoon
37.30697228220902,-121.21481011557717,341,45.80679485666451,Afternoon
37.19519716457188,-121.51259369689919,322,74.29650713101849,Night
37.67849116865058,-121.05462835038522,372,73.28795623356535,Evening
37.32309970166634,-121.94276330648319,165,20.957044939101884,Morning
37.98774953909919,-121.06900138028742,497,35.664639006751955,Evening
37.325684802063954,-121.94949260761719,389,53.33849800326874,Evening
37.39413604678263,-121.45269525588532,208,21.157641933998153,Afternoon
37.60333419621203,-121.10955905199891,416,77.7615520432017,Afternoon
37.80168429319131,-121.7372790564387,478,74.03245301093622,Afternoon
37.46951866534563,-121.52775150105484,171,21.68651253241284,Morning
37.42265603378896,-121.67567112086303,404,18.48088228826898,Morning
37.995637833594806,-121.04785608292364,479,15.97859379657857,Morning
37.010493641139945,-121.17635440524691,243,73.66105648256418,Evening
37.89506528885124,-121.29099848867362,172,23.553666685682256,Afternoon
37.14914082593974,-121.4123730133849,125,39.13994499810483,Night
37.785925276208914,-121.17940821067585,102,41.41959559564021,Evening
37.6179315598463,-121.60773295847645,51,51.93077309494973,Morning
37.34184728549809,-121.55244814489394,293,15.021474062319747,Night
37.87387495552102,-121.26999827891913,388,25.873103218036114,Night
37.01290722798099,-121.64224523670629,219,75.20432708432482,Afternoon
37.22669065207492,-121.93609905795162,215,73.58870750879987,Night
37.56689279624953,-121.92566539111392,475,64.69034531839846,Morning
37.3515422600497,-121.88463719869429,229,11.35808719327508,Afternoon
37.610377495318325,-121.13031867665634,289,32.89047379472714,Night
37.02411019340867,-121.5277735742438,145,53.95711147400355,Afternoon
37.11645893048171,-121.28711763065526,115,29.263314824143297,Night
37.12709624021844,-121.6070906643951,127,73.67106865376442,Evening
37.18928364591601,-121.74128905258436,246,54.372262328270935,Evening
37.45933144080054,-121.65280783243779,318,15.033470212151192,Morning
37.75212869954357,-121.20581765468282,465,73.63039121849921,Evening
37.9055388379289,-121.37478387496856,397,77.04366607233558,Evening
37.835372530284246,-121.0623602200421,484,15.439869287420784,Evening
37.19688787177569,-121.32029522142317,109,47.26521644029204,Night
37.44115055223063,-121.42981836824531,270,31.23549975499193,Night
37.199411597758534,-121.38980399101416,490,37.498735353698166,Afternoon
37.26447181666719,-121.05762856053158,314,22.575585256873932,Night
37.50354698151189,-121.2117990701333,363,50.465047140868876,Evening
37.068109024723526,-121.97595876263357,295,77.05855472742235,Night
37.218174329593275,-121.4658603038643,337,45.215082019012634,Morning
37.93537816130712,-121.31166158845343,112,15.80402069761368,Afternoon
37.46611629265849,-121.25130152156085,72,53.40009334341859,Afternoon
37.445386525977874,-121.78685788068606,184,33.81560961158799,Night
37.014567154751276,-121.13282264554864,291,69.91476327139085,Evening
37.247399747058346,-121.04415685282484,450,40.42747038215292,Afternoon
37.86629243598218,-121.76328469415513,302,23.498772625957194,Morning
37.164628428258666,-121.11738454248275,235,23.377393588380144,Morning
37.41512493953472,-121.9030212374839,16,63.81349265048122,Afternoon
37.014330905867,-121.94429316388475,136,28.591131881515192,Evening
37.478335481670555,-121.87077619989725,433,63.70633759114561,Evening
37.02102110672622,-121.94225892053296,101,24.412111753661957,Night
37.8196095530658,-121.15498776284423,432,32.51804580909166,Night
37.824853767487106,-121.94094985554173,199,42.584088070778954,Afternoon
37.78774218830237,-121.72833580863634,368,76.02370947854155,Night
37.28336406889112,-121.89624365646415,485,75.22119973276773,Night
37.837237218221816,-121.70457796368623,471,24.481031279560145,Night
37.54299813260527,-121.90944053239907,62,35.075332887015094,Morning
37.373808108867,-121.33199674925699,251,20.457957191764063,Night
37.62532995970423,-121.86667318365743,495,45.6989555519448,Afternoon
37.01234104606037,-121.14815407416111,141,42.24077854862666,Evening
37.14296087760075,-121.18280894927337,499,73.05321137155127,Night
37.742293538170266,-121.98633831452939,475,75.10037644537508,Evening
37.244161608716155,-121.10427364448489,373,36.84971737051045,Night
37.59800911732875,-121.97105568325664,121,44.42165601132926,Afternoon
37.38510260282303,-121.76035421504244,418,72.73653744022931,Morning
37.85480577879926,-121.967610862224,16,66.4695465421543,Afternoon
37.952415305996645,-121.66415651296069,239,10.25594179412545,Morning
37.88356472837019,-121.48613347428673,165,32.40416949285078,Night
37.2706199946936,-121.20335513098486,206,39.52419693552881,Night
37.19416286904608,-121.66201844953017,332,26.08013985782622,Morning
37.47443489362073,-121.29450997532689,373,23.970013112715712,Afternoon
37.00733415083618,-121.81249554288102,232,12.644915461697577,Afternoon
37.02580939286318,-121.24940154325587,376,55.03588075488324,Morning
37.553290639623,-121.76400339409076,499,28.375720333821597,Night
37.520449404165284,-121.85645524405624,259,13.664302490191917,Morning
37.99458198903526,-121.81459114962594,413,26.168551736964456,Night
37.20184183536376,-121.81793687111815,92,66.13397669852885,Morning
37.25810392916047,-121.487137120623,249,69.60424271525827,Night
37.113540642326285,-121.15520241881185,389,43.81463716353119,Morning
37.91754300965374,-121.92039492300749,404,39.12494692860803,Evening
37.77781124445845,-121.29304368150657,369,78.44975854512472,Night
37.82233911145685,-121.34565354034714,332,24.039526171164894,Afternoon
37.90276378796451,-121.12748004817064,480,25.075149799822594,Morning
37.524899986725835,-121.7558524394931,272,30.430702392547982,Afternoon
37.45119319145073,-121.54989014131498,416,22.09301227967611,Morning
37.330391473665614,-121.07417262555649,198,36.55559187429306,Afternoon
37.58921461434785,-121.34000654986468,464,73.75839588928277,Afternoon
37.454278396789825,-121.6112315871384,375,53.0743488440002,Morning
37.451565586605575,-121.86858761714473,299,38.836258402858455,Morning
37.93692786373114,-121.7375149920994,371,75.40875561998503,Afternoon
37.98403151427913,-121.41878452251062,412,13.392496273307563,Afternoon
37.79648438932958,-121.28183205243948,67,24.719332453130296,Afternoon
37.756758090246926,-121.87557811314811,18,49.61220235712313,Night
37.6805581617791,-121.40040273995595,313,53.08868362352254,Night
37.166074852333516,-121.44964872116125,124,12.76902545938292,Evening
37.05910582087566,-121.4860445533093,219,38.21271305349925,Night
37.69072631511326,-121.309876882318,50,55.44077753816109,Night
37.72878622225657,-121.16255040491654,313,58.86493824823811,Morning
37.04697299109814,-121.67701031682313,182,54.66979317613885,Evening
37.928051750228846,-121.11098780988904,243,32.43942570526472,Evening
37.091140639444674,-121.83936638738145,290,16.546408651853667,Night
37.285900533771205,-121.82697613024884,381,39.897871249353386,Morning
37.672389812798706,-121.73322793637608,87,19.012810615763883,Morning
37.169872594404474,-121.88046913045292,117,76.3336560964467,Evening
37.05541588844225,-121.76968077531713,290,43.26196062158398,Morning
37.33114648916415,-121.89358823709715,412,32.20814220498073,Afternoon
37.76597157485518,-121.17824758301461,48,63.64128497832301,Night
37.413678678985264,-121.86103100811337,128,44.85640148075847,Afternoon
37.65297292190794,-121.25270244244014,344,31.702381680871504,Evening
37.57961909722814,-121.95208613208666,345,66.83774196735612,Evening
37.02221848202558,-121.05147967248608,36,70.70065057007854,Morning
37.988539987045705,-121.28883991247223,113,57.11057164020739,Morning
37.04142808881939,-121.99320345141389,83,13.287509568536711,Evening
37.96780273764848,-121.23614349979978,200,49.64260161165725,Evening
37.549864178364395,-121.48591807923381,333,63.43064383980971,Afternoon
37.96315902706507,-121.22063482966487,156,19.555210845850752,Afternoon
37.11475359941384,-121.4775031911094,264,26.006952596922236,Morning
37.490408519185515,-121.35897514236464,293,71.77465735476954,Afternoon
37.16950409186606,-121.21366834460495,222,11.408520529715183,Morning
37.05097487702244,-121.59489194541214,132,62.69089964781832,Morning
37.61752911506231,-121.99729185017955,215,43.1641304760096,Night
37.20778342096169,-121.15005350405481,426,41.274051118772476,Morning
37.58769701828754,-121.61910963737533,249,10.496757274642102,Afternoon
37.11236448194899,-121.50395727398342,403,67.3578761676545,Evening
37.3319864714327,-121.99223335784603,348,35.18774304455965,Evening
37.781632558053246,-121.50790798964991,295,47.853594191038,Afternoon
37.437051521842186,-121.01351259842826,31,57.41104804349616,Evening
37.62774541489733,-121.72173233918123,268,59.1840703506541,Morning
37.64745794074555,-121.60458172975763,366,76.91860411782505,Evening
37.843755043987294,-121.31281000353133,114,47.19379672656264,Afternoon
37.32492279440664,-121.18520633247634,475,37.980368568209926,Evening
37.68729556258252,-121.5826083759939,468,76.75925385441955,Morning
37.961615807046165,-121.6903311295987,441,54.94771645178648,Morning
37.730243334357866,-121.06217420001494,267,30.870524939358894,Afternoon
37.48987047671775,-121.32285503332832,213,18.85249717824998,Afternoon
37.63071744449193,-121.88097869550685,319,68.97881510256269,Afternoon
37.73968289776311,-121.93107212186536,271,35.35271219559061,Night
37.61227576569387,-121.51645014920963,116,56.23288049551018,Night
37.01667581348984,-121.77990993395272,260,42.95714935561287,Morning
37.19477349768722,-121.74601524662374,433,23.925084585652684,Night
37.810468217215465,-121.12230782117216,230,52.118062603432556,Night
37.27265064731248,-121.91043397568369,388,14.247814826547762,Evening
37.73156211956113,-121.2846358847711,231,38.933972190983454,Night
37.3721202152417,-121.72885774661941,267,48.26304577645697,Evening
37.521884328157945,-121.23967177859586,210,40.52328818830053,Afternoon
37.06797329981941,-121.27758861553646,376,62.407052267569355,Evening
37.18122556104971,-121.9926080985557,267,67.95474681817187,Evening
37.95719696351924,-121.4908645870784,358,63.987015182322466,Afternoon
37.89013805344691,-121.86068051762196,234,12.716906346826148,Afternoon
37.65227511089905,-121.13377296942133,211,23.589013931218055,Morning
37.45964459738574,-121.1284141171376,235,47.5625256484642,Morning
37.675761292895224,-121.58165419250624,245,75.43754283106608,Morning
37.61861028909394,-121.55560438154892,192,68.44697425364818,Morning
37.568552255604615,-121.69671706059547,209,68.97741558462612,Evening
37.059177071863544,-121.28339370103997,366,31.22457356317724,Evening
37.63280261066151,-121.64133863697354,255,40.06135279550918,Morning
37.76892004457117,-121.73220752547736,453,42.949416312115616,Night
37.994081654645576,-121.5677689404955,362,21.016010834493727,Morning
37.01107855259431,-121.90851248161255,120,12.174769117111943,Night
37.73017345331068,-121.2533967953558,15,76.28320296223617,Afternoon
37.57178931593598,-121.9874035987282,245,26.84988099644547,Evening
37.434052176080954,-121.3555149384794,136,26.79642326065419,Evening
37.12757017457137,-121.81713547324513,113,15.836533763813168,Night
37.40908514863488,-121.76759595378559,246,74.9955426360645,Morning
37.354377182986134,-121.36436800135996,412,50.58159804578404,Evening
37.30282988897874,-121.0070565342171,489,56.69257999877477,Night
37.73087962332221,-121.22228251092744,164,73.81038210841368,Afternoon
37.70072552128426,-121.7741603677766,266,34.193411823055264,Afternoon
37.58902009098091,-121.82397524495886,244,53.50551177966589,Evening
37.93866481329337,-121.13376712973233,298,12.715961831022122,Morning
37.34985438418085,-121.5558160520785,49,23.074076976179054,Night
37.24380193771018,-121.86294719717185,297,68.18720635629597,Evening
37.6559033130984,-121.13778857667806,206,63.6737849436835,Afternoon
37.1988140609374,-121.18390764708573,282,34.544988402000286,Morning
37.31501050718342,-121.01609363610284,391,36.37674394419487,Night
37.22460244007488,-121.09025631328731,273,47.34881034875056,Evening
37.0691535677185,-121.14820966133946,66,10.016870327959419,Night
37.82749874163567,-121.947425602189,307,26.88710352266195,Morning
37.25454054292166,-121.89558463050189,107,24.576226602575012,Morning
37.47302750334302,-121.43101680569588,146,27.533806272483442,Afternoon
37.043315273254315,-121.46852075371818,385,66.4134089773409,Morning
37.699339466252646,-121.54203678551046,96,29.577169958251023,Evening
37.33056100230629,-121.60321067458541,428,23.40649254351037,Night
37.74473672782921,-121.56878951513568,251,45.29844225551221,Morning
37.41240306046787,-121.4307020658652,208,70.59515254609124,Morning
37.195755606405626,-121.99792348239991,472,26.89447926862499,Evening
37.51317508228204,-121.73929122586715,446,15.497536995495908,Night
37.13050455963744,-121.48172027931129,319,34.94833150947653,Night
37.440539159873,-121.27778390132636,93,62.33562771954845,Afternoon
37.31730547742049,-121.8258433076046,251,48.54833812863562,Afternoon
37.911959584199636,-121.45311882621257,290,67.17553587020433,Night
37.06092872172072,-121.28554031611422,332,77.17145033264637,Evening
37.694017414105744,-121.5553723420861,261,65.4863733726132,Evening
37.18275116598743,-121.97291886632995,199,52.26621551906274,Afternoon
37.31904507433224,-121.55073184153436,448,44.53391116366664,Morning
37.41551406306207,-121.70355511225584,439,12.804836044378668,Evening
37.90801508937498,-121.07035039229868,161,78.90253851698289,Morning
37.24257826607383,-121.87538661432167,491,36.84367858025298,Evening
37.09130880254467,-121.34752404449277,311,20.655974974180676,Night
37.31868960399052,-121.9472802336655,287,56.66961987775197,Afternoon
37.10467597053553,-121.5538295621873,148,29.900180236682154,Morning
37.12859648596055,-121.44602051277992,185,51.004478965173334,Morning
37.573850597975024,-121.70204506868313,17,51.073753549121385,Night
37.060901933099494,-121.54492436447961,304,41.20108746320084,Evening
37.030930881393566,-121.83644620546981,244,68.52830308815298,Morning
37.714414101470496,-121.69587615053196,172,28.547694308881013,Evening
37.36164709484105,-121.3788936750898,58,41.40428141324139,Night
37.12537534923387,-121.69819994413885,311,47.638449001368,Afternoon
37.25361277085971,-121.10025692159113,47,56.453730453710975,Morning
37.642086507352396,-121.37159304235901,145,64.87802953539126,Evening
37.275536567140854,-121.56135098156402,319,37.63650980147793,Morning
37.49452112512041,-121.96124306444582,430,55.223286086761725,Evening
37.12169530672667,-121.50045166479534,228,20.54276671479634,Evening
37.588093637605446,-121.2352237578749,357,75.2853670379735,Evening
37.31607768384326,-121.7344424019876,305,36.81411644947025,Night
37.62696843452871,-121.19322643035123,43,61.06649953835069,Afternoon
37.80839488230402,-121.74819323394912,361,11.423875731752435,Morning
37.61164641938999,-121.1762536120492,88,24.36310000333649,Afternoon
37.29574756259502,-121.91473165838832,245,44.09577810265046,Evening
37.2557437015483,-121.13381629113097,392,71.47767274126426,Evening
37.32742095873345,-121.50081354906666,282,46.9078604965474,Afternoon
37.16462051323651,-121.70346241037974,170,75.09093376057153,Afternoon
37.18117185085002,-121.73488674958485,184,43.865782760795746,Morning
37.790691101900165,-121.56798944106964,375,44.33143677151649,Evening
37.384732576507446,-121.00095050189636,317,18.38227519503723,Afternoon
37.435995180570586,-121.77967260656241,383,66.18593709065539,Night
37.59404946556681,-121.896783351121,473,27.287578872694375,Evening
37.589653495151545,-121.41496483128134,230,72.97287425606206,Evening
37.06737687152192,-121.51145753355975,18,73.75769542312773,Morning
37.83154078633767,-121.4758037289367,298,76.03170783119047,Night
37.17732655322394,-121.33306458244279,453,46.4161342372163,Morning
37.72307163604967,-121.73285593012935,122,57.39656493485511,Night
37.77267098812817,-121.08933500461612,486,64.49611160431644,Morning
37.714899534091316,-121.5643279338777,214,19.171023305532593,Night
37.578977646554144,-121.87091380485754,414,52.067003649824805,Night
37.01460899710888,-121.25770124326606,195,12.400853091231816,Night
37.36037549236317,-121.35689564738215,350,44.82962583721081,Afternoon
37.604839429362585,-121.68425659751597,206,20.838987713415918,Evening
37.38745129592254,-121.37848127596595,275,22.80460481734593,Night
37.863479894912814,-121.78013804363103,271,35.55332966848211,Afternoon
37.30880227534961,-121.55516064065947,257,40.27060167015521,Afternoon
37.29353479245866,-121.10058747783268,124,53.622069717253105,Morning
37.26599769309266,-121.86646576683926,130,15.209989290696097,Evening
37.332780868960796,-121.61330355001253,150,45.258423286621124,Evening
37.55740496431419,-121.17885757527965,74,22.78375911771708,Morning
37.707015294272594,-121.03050910059382,285,50.178262252221934,Evening
37.662567917738784,-121.5460738635782,322,54.618322858282845,Morning
37.80771781998148,-121.49300037985665,248,48.96964795869977,Afternoon
37.885913995497425,-121.42782803821623,311,61.68068573348154,Afternoon
37.816079042343354,-121.06765185836629,401,33.492647096863095,Night
37.01894540337435,-121.14179320902296,19,63.557461414319164,Morning
37.73591795355199,-121.82939887537836,466,40.293695719573556,Afternoon
37.20839957361833,-121.56324218215292,378,43.89291488258178,Afternoon
37.13292804270798,-121.53599957180357,242,55.367148908275,Morning
37.63848878479914,-121.21090388835124,204,11.285086879945677,Afternoon
37.319743195407696,-121.39710711739457,404,55.77959549941738,Evening
37.05711716337044,-121.34577953797098,21,53.300960435048076,Afternoon
37.13762973439836,-121.00180009233438,403,31.689298172729593,Morning
37.00092941686996,-121.92503995652999,418,16.005599942964263,Evening
37.90322362734471,-121.77699017646627,186,16.36548149391288,Evening
37.02461798384124,-121.59210406262845,186,74.625662288966,Afternoon
37.20945576950951,-121.65221759695112,226,58.2495524858086,Night
37.41626278068791,-121.97835443865301,20,18.897182963951828,Evening
37.35657132595082,-121.90822239352883,455,34.97062185162345,Morning
37.911725876912776,-121.31904670859642,127,51.47380957311175,Night
37.040288945734545,-121.12067553663744,173,68.49001935634541,Night
37.51221470767705,-121.48577298873403,48,13.056265009910597,Evening
37.680479462524374,-121.46080892048637,62,26.56431920290062,Afternoon
37.93169797368117,-121.74490656716762,227,72.2824293206766,Night
37.62037125212372,-121.23212363636628,215,10.641588512867154,Afternoon
37.80375523601176,-121.24820541263274,496,24.09793719557212,Evening
37.083724937845346,-121.41163431078235,321,77.13169231810761,Morning
37.38593951093693,-121.78733571348866,369,52.938129256551974,Night
37.37394713447907,-121.9029817817629,394,28.316995664625452,Morning
37.88628821645572,-121.93576142414287,65,14.689376607709333,Afternoon
37.15137117126328,-121.40730393335713,127,11.97339383130555,Afternoon
37.15188617233663,-121.1749646808572,397,27.132155574584907,Morning
37.3285581498858,-121.14166956821907,262,71.70400737122372,Evening
37.05446604736684,-121.53637792565655,295,39.113955800825664,Evening
37.18245804065249,-121.21572870069328,277,60.42333584161951,Night
37.96520963854574,-121.05311980365897,300,74.27995247659705,Night
37.428183939867175,-121.72482988751193,342,38.56283231219716,Evening
37.632019208422435,-121.60203965361924,189,23.389415972617794,Evening
37.726111259344634,-121.06852100740332,424,46.19825515998436,Morning
37.3669614070072,-121.66176903268271,367,73.5658580941898,Afternoon
37.147227074410516,-121.0861237096782,244,66.30620898963905,Afternoon
37.20658101622178,-121.01895513774554,352,14.608089035420765,Night
37.31326647658061,-121.33818927142558,205,58.480096005430724,Evening
37.636068420352224,-121.18310971049583,317,50.032826572126766,Morning
37.39828054908905,-121.25045443577892,89,73.52242234424978,Night
37.006814697900126,-121.30046574238447,144,18.57369917952081,Morning
37.52340718506747,-121.69306892701877,31,47.38252792432596,Evening
37.92151339190742,-121.94290566209206,486,71.56238854583246,Evening
37.81207761100868,-121.65694826748035,340,38.70166507192201,Evening
37.825211371259634,-121.3330640147961,449,43.739644241300695,Afternoon
37.79505801760613,-121.8974708017722,234,14.932247436687081,Evening
37.323730825610426,-121.98808201702175,67,29.47005483142376,Night
37.765193833754395,-121.86030762739706,102,32.71546544182631,Afternoon
37.143161357811195,-121.2842640735892,201,76.15857141214208,Morning
37.657716147275956,-121.02720629834356,112,29.786715237881133,Night
37.641568566684995,-121.01693530038519,405,42.26081146887564,Night
37.02556979908974,-121.50602085085981,16,56.991309649499584,Morning
37.78797013359093,-121.13064769900765,137,21.35283606855142,Afternoon
37.90324810509513,-121.2631735442485,64,44.05096709993121,Night
37.26741527847211,-121.49895976301539,240,61.69773276331353,Night
37.81239072418615,-121.42723946704491,371,70.67986491189461,Night
37.082405971861945,-121.86277285338313,71,53.83814922636987,Afternoon
37.59996785826107,-121.0623385393834,249,56.83374607218635,Afternoon
37.485646865334274,-121.64807022926823,99,18.839843080919827,Afternoon
37.545923533309,-121.55385074354282,241,76.2043548072443,Night
37.92620520188434,-121.3283397690021,466,19.280185423913764,Evening
37.871315247246855,-121.66609752847344,242,64.22710560272589,Morning
37.78508365723976,-121.74574083901106,363,28.537142524482316,Evening
37.27369845767837,-121.36895060672978,342,75.3515200590876,Afternoon
37.91181862868609,-121.97501591771815,448,60.39716775586357,Night
37.09750769246388,-121.27927488797332,384,62.76695990848583,Night
37.85332921655879,-121.48597663012349,301,25.334142114191835,Evening
37.328160072353604,-121.39424626947907,354,41.01279836446126,Evening
37.05377231166198,-121.36811984075311,161,53.24692362125005,Morning
37.66935698424075,-121.47294984350744,437,63.89815327446207,Night
37.231279928315956,-121.41746622255927,154,17.27715631386727,Evening
37.243571125864634,-121.31621179911012,139,77.36557215181699,Morning
37.30604716622877,-121.24688115282032,150,72.31544693881892,Afternoon
37.063684767502515,-121.27254760871388,424,28.924401334690906,Evening
37.17712714419825,-121.13038354226774,102,67.59321701226324,Afternoon
37.005139627585564,-121.8105565668326,123,46.28267461278764,Morning
37.44540952110579,-121.5988520305082,293,42.32645370934131,Afternoon
37.084255377417975,-121.05220393398554,453,32.01038740679838,Night
37.6826526050442,-121.60340942561368,420,50.667801064211474,Night
37.23562285119165,-121.87512992309408,152,61.09223823925184,Afternoon
37.943574144035175,-121.47455487363781,232,38.76530334739308,Night
37.87125162739865,-121.89050902744553,241,54.045343510580445,Morning
37.28944089496821,-121.79714676127213,472,58.951904480871264,Night
37.78321545465668,-121.00168124342905,42,59.77852719107001,Afternoon
37.80324490466481,-121.45863736160386,285,13.637626869182618,Afternoon
37.98656311411441,-121.71594161095958,179,70.18234639795469,Afternoon
37.597839986845685,-121.00522504542609,149,42.07773203355335,Evening
37.08196573464366,-121.03344108144486,366,28.36912571873501,Afternoon
37.64683722892638,-121.55926095891574,210,26.923515523577713,Morning
37.624979748376035,-121.73959689121209,32,43.81098789907653,Night
37.63835057742043,-121.16160036190782,465,72.07820776282715,Night
37.30714564810421,-121.28437928302822,233,36.484330717785284,Evening
37.859679585080336,-121.3130585649965,377,62.48080227484803,Evening
37.95947218295541,-121.10688625867753,279,16.777311169105303,Morning
37.21771251297815,-121.31058286612867,356,43.32396915057432,Afternoon
37.088152158136644,-121.71620205695845,162,79.4180298274915,Evening
37.194535033168485,-121.30613683812427,342,63.93064619546359,Night
37.82055213925572,-121.69418648871634,94,24.73699419084291,Evening
37.676644634819844,-121.240761020343,118,45.10090315885375,Evening
37.636047342339126,-121.38025214550844,40,26.35373345539966,Afternoon
37.40179313510942,-121.92258844801525,238,38.66926490837565,Evening
37.57782797151143,-121.48716463756486,249,64.60588166144754,Morning
37.30787412527437,-121.65669903080426,387,63.985737070328256,Night
37.47720007941796,-121.6714293672677,372,25.96702645316696,Afternoon
37.79306302837065,-121.39774369762274,319,74.5556322708402,Night
37.981241597455465,-121.67767517553058,398,51.479772793537876,Morning
37.9324889235898,-121.22310625179513,150,36.59470036734102,Morning
37.933865942846246,-121.92920856398882,165,45.135490654660245,Evening
37.40222373484711,-121.33961174760418,308,52.35498774064206,Evening
37.46878988050679,-121.19080519634326,354,49.19233722920498,Evening
37.70563539636898,-121.32716831007957,380,44.048352487532476,Night
37.922191928051284,-121.50277080498,108,45.345296286258005,Morning
37.14199425935208,-121.04969298626382,56,22.348833729952034,Afternoon
37.304241863827194,-121.70006151020193,496,66.89130330132755,Evening
37.13924684459411,-121.98083211247503,336,47.92322239587108,Night
37.61200852995945,-121.56801062853656,431,19.175590319329217,Evening
37.306300996887536,-121.96698806409967,489,63.63099711079445,Morning
37.32610785251257,-121.0460632474736,76,75.27107848641455,Afternoon
37.07091595948798,-121.79008195425195,71,76.31148294658735,Morning
37.349796061807595,-121.21107297605113,118,35.831241268782094,Night
37.86249650740159,-121.22542791682564,176,19.486181149252783,Evening
37.233072811890835,-121.78227110031706,46,46.28797386431456,Morning
37.695187466210065,-121.37877346951983,128,17.88264605444545,Night
37.629628344938595,-121.95192103151355,95,75.3791192958832,Evening
37.86348460836911,-121.51642541429614,391,22.85057391486022,Afternoon
37.13228794765104,-121.98535287272752,401,27.693610196581485,Morning
37.97758996034504,-121.07885611981916,474,38.46455688194793,Evening
37.58262864604036,-121.02391397580043,61,36.8215127991388,Evening
37.995474152346816,-121.77771723336141,100,65.62640246785223,Evening
37.91151472586585,-121.79189396540363,298,41.94217743856736,Evening
37.221517272113104,-121.24627982343787,346,21.953778200233582,Morning
37.05616200990331,-121.74662060117066,307,28.704692684025186,Evening
37.25563909379536,-121.10492344083815,213,45.63793696312654,Night
37.52756364899942,-121.42607086387702,377,20.321774219829443,Morning
37.17159636706519,-121.64922237698968,247,52.815897295220985,Evening
37.16745974451799,-121.16730625365058,391,49.60231145858021,Morning
37.46259354710515,-121.5065932995866,164,60.02916214675804,Night
37.03326797116936,-121.08836708629153,249,75.63932307655574,Night
37.12188808253227,-121.07198576327062,145,73.85781927708089,Morning
37.41586133940795,-121.8345798478716,416,76.22529326481819,Evening
37.063129909207966,-121.99767659386806,371,27.130091791659066,Evening
37.39675505645553,-121.0160690598576,390,19.209571464754823,Night
37.47400626594845,-121.09386246387253,378,31.159369034751396,Evening
37.45126661407311,-121.94455476429616,73,72.65596209364202,Night
37.86917485740309,-121.16696573605893,132,78.04374322364417,Evening
37.530062455051734,-121.54219506744079,263,70.15274657493333,Night
37.467980462478046,-121.74103839497502,486,17.701240478928053,Afternoon
37.410709245391665,-121.12125347632308,123,76.31995986418552,Evening
37.81762337830449,-121.80333276760969,29,39.63506191455502,Evening
37.895056603999834,-121.05270000057993,25,10.651720353364757,Evening
37.85324246919712,-121.79437851230065,154,40.96756185237355,Morning
37.67354657813139,-121.38631681227126,217,13.224841877282731,Evening
37.137361745968676,-121.77691366547103,28,48.07145448127823,Morning
37.27686996949201,-121.45433133503137,385,33.69878192059359,Morning
37.04606306368198,-121.31602487008486,401,43.140445351583416,Night
37.93082407499011,-121.80977206917986,175,52.92192525201819,Morning
37.66079852969091,-121.47911421729933,47,70.81607670724742,Morning
37.74636288431324,-121.53094025560988,190,56.333110353035,Afternoon
37.31157173958223,-121.92896257859665,358,40.38342079347265,Evening
37.845653522277345,-121.1816921823247,114,67.35994975692556,Morning
37.25960328370848,-121.66431759935716,109,73.39074963011925,Evening
37.00164375711245,-121.42541780244812,99,18.383197650253805,Morning
37.37641496252069,-121.48521576506687,424,47.235308428695404,Night
37.57076148095907,-121.48673949542956,309,29.91583718197109,Afternoon
37.478704857965525,-121.89277760579151,453,13.294283851386318,Morning
37.8620761425766,-121.57651799075067,341,56.79826865797897,Evening
37.10540528595617,-121.54763324079343,410,70.39395442214578,Night
37.55382344063373,-121.26635715963555,88,21.403185813417583,Evening
37.51297934982091,-121.1599811680793,82,66.86895603367304,Night
37.281392982172164,-121.45501772189998,432,69.73770134758593,Afternoon
37.82222811257701,-121.91321704593501,435,74.00383098665385,Night
37.752848655882204,-121.76315052940345,185,28.569956236023668,Evening
37.73285918733183,-121.83506597314727,405,73.27671456329224,Evening
37.87619247826956,-121.87538493681087,105,32.446392831550256,Morning
37.72278460062152,-121.6341007013822,354,48.6636609418852,Night
37.23184129171473,-121.77060649784562,112,13.53552295825975,Evening
37.70556271164969,-121.78169688818849,411,13.071676185812052,Morning
37.307702813389845,-121.94530682542373,472,60.426124891254204,Afternoon
37.24217465034747,-121.98232995520456,233,41.113598458445374,Evening
37.073003592899624,-121.89723175735021,15,27.94046627584523,Morning
37.744028580347674,-121.82780252057637,131,23.328944721743714,Evening
37.711000961949814,-121.5690162711518,245,56.89674436014526,Night
37.23449947767409,-121.48947973870115,436,10.02810808177379,Morning
37.749379016724156,-121.85940808182663,125,66.4123818437798,Night
37.917840883093554,-121.57521665847581,172,15.547472429095016,Afternoon
37.10802895749158,-121.65825115767407,235,23.40427304356836,Night
37.23263663838677,-121.81657635650204,239,37.03654767093627,Morning
37.75026079408732,-121.99315925185164,191,43.94011178012725,Evening
37.27450667350708,-121.53298213347826,258,34.84965810697592,Morning
37.62466397428372,-121.3143482507348,327,32.44985154890057,Night
37.08116422446371,-121.7737226658562,462,77.4741208451232,Night
37.45220247910354,-121.86819317010332,219,54.9105776870376,Evening
37.73909142199295,-121.11295725555304,153,11.640306875717174,Afternoon
37.68651394304325,-121.7249752275122,401,40.11231359110192,Morning
37.815072100675806,-121.77638738020734,354,71.25060898207792,Evening
37.87745212660317,-121.14290306039008,105,31.10193304874676,Evening
37.77318350125876,-121.18289290083324,391,16.618944134207176,Evening
37.671587742938925,-121.55165352947536,355,63.08693401129425,Morning
37.03172249181603,-121.51076113857222,253,52.42096823552569,Morning
37.53496667340944,-121.78225129516598,95,49.92187554785527,Morning
37.03769772491485,-121.92169832952044,424,13.750359172518554,Afternoon
37.808067817116026,-121.42656817464434,403,19.834930685686214,Evening
37.320724524459955,-121.90165507840979,193,53.57845773491796,Night
37.56242937411792,-121.55072545304336,130,24.547668902118506,Night
37.2794453073189,-121.05950280148699,341,45.284905582389705,Evening
37.78250014438029,-121.04716561082941,101,48.141718022057546,Night
37.886502526641905,-121.76066771345265,79,29.845503318965758,Afternoon
37.398642494213064,-121.37588657995434,413,76.3897608879045,Afternoon
37.86292239351099,-121.52592373589214,142,68.97248747849025,Morning
37.267075007456334,-121.12431487241389,288,60.5661455342959,Morning
37.53466092307552,-121.72856913572394,146,15.459570648658636,Morning
37.8587614298387,-121.99629759316758,323,17.42910135163136,Morning
37.32588134261579,-121.83743879406859,196,44.494694210546896,Morning
37.95404226507809,-121.6504771988306,230,21.249934443369,Night
37.121879501781386,-121.6842788702295,473,78.47858244706319,Night
37.01827506972351,-121.20863708087711,447,21.09641638191866,Morning
37.90413535257819,-121.31943933386117,55,44.12274848247818,Afternoon
37.06864866614787,-121.7004436803851,287,35.488473978905375,Night
37.99188919594749,-121.54225618283378,201,54.75704950178686,Afternoon
37.951396861979106,-121.90444089604166,17,19.032548622259746,Afternoon
37.13702091003632,-121.1018535551799,388,40.12214996296736,Evening
37.53758462569257,-121.06457517555147,285,29.229352296500053,Evening
37.184920297467144,-121.02019646461906,188,72.14260672701816,Morning
37.42815517303012,-121.13144716921417,343,12.840999849428655,Afternoon
37.06142512925983,-121.82603911230377,48,73.96092458045214,Night
37.22392458779659,-121.95380351679837,302,68.30958969871003,Evening
37.3632727963989,-121.42040327258732,187,30.82995015085708,Evening
37.438647500246056,-121.08739497311689,171,65.25034582739733,Afternoon
37.977496258208895,-121.82264863834025,340,12.18494922371233,Evening
37.80786564568398,-121.99295708537586,383,77.68058852053755,Evening
37.73740994431195,-121.19450395396775,113,46.86164598128526,Night
37.53704131474198,-121.92320431571326,170,31.229671824581168,Afternoon
37.83999776060434,-121.58629396808998,296,35.38082488162739,Evening
37.339322835655715,-121.32111266281122,132,14.648374742234815,Afternoon
37.70889911277332,-121.76320241454383,63,79.25446598294275,Evening
37.99378397537817,-121.91603743655327,437,12.750436160548471,Night
37.3146289089352,-121.22997877154417,43,55.84349862035013,Afternoon
37.674017534883966,-121.36982491511296,251,40.99151493945208,Evening
37.84431486415238,-121.0115095155132,464,76.42413527321006,Night
37.91580758335067,-121.65569196668004,387,27.219981821475663,Evening
37.7179326909401,-121.9382376137098,122,47.24607767566079,Afternoon
37.28360792341714,-121.2656499646647,327,43.76493460079271,Evening
37.32628215156895,-121.47826658114676,32,59.2006510835071,Afternoon
37.020758032123965,-121.78679606861087,55,14.760716236669435,Afternoon
37.76088597767151,-121.21827101099524,321,23.565239101634837,Evening
37.04273960606195,-121.79624451415006,144,25.019537406499488,Night
37.86465235460275,-121.73933834516707,127,61.670552838918276,Morning
37.118660614474535,-121.90747144563328,482,23.239708742871805,Night
37.171876512135924,-121.60056772096914,198,50.144423472368366,Night
37.47652647083224,-121.58107077606257,140,25.06706743506676,Evening
37.73788041516874,-121.4854382096517,431,70.3137465058785,Night
37.13900220519908,-121.29103573287622,221,75.9529818142747,Night
37.4400710750665,-121.09389907131957,427,46.294508245956834,Morning
37.4828512744101,-121.8622659011122,122,34.66162189464248,Night
37.21228564166859,-121.94565190165135,53,26.38404425122494,Morning
37.11555837668063,-121.98146876640567,137,13.484670106613063,Evening
37.83642092298564,-121.85637862193119,373,28.795005333824676,Morning
37.50246564976277,-121.34205051421837,167,55.796504596172255,Afternoon
37.01438123598415,-121.2725229220035,282,47.35318519164476,Afternoon
37.8029813013091,-121.21349428647187,324,76.08288947966491,Morning
37.980793805414585,-121.75629178809565,403,37.73940837441904,Afternoon
37.60592619541425,-121.69410518673848,364,58.570433962987615,Evening
37.50370838708407,-121.5168653544345,349,44.2525923232585,Afternoon
37.878415863044964,-121.93681690313977,411,45.880335114694816,Morning
37.9525167896846,-121.38885847678876,54,28.744202022288224,Evening
37.75453691590246,-121.01626496632424,117,41.84655437893998,Afternoon
37.44545292973429,-121.639193688622,228,42.95494979088951,Evening
37.59222139933144,-121.24715252490861,452,59.464976522425374,Morning
37.700935365018,-121.4999660844304,327,75.84479994302797,Afternoon
37.1942735710018,-121.87218815563962,324,33.0524894237753,Evening
37.44720103221644,-121.41776255119741,186,12.954032800690891,Evening
37.82982126471728,-121.70012573155593,237,44.74065878504478,Afternoon
37.654725348498445,-121.96559679154655,200,48.1122932504418,Evening
37.411204067211855,-121.36507026988225,480,21.79083857923407,Evening
37.66336253401468,-121.14106765067527,169,63.23252243932467,Morning
37.11822241207246,-121.65523023310013,403,78.94503759090442,Morning
37.401497610564874,-121.60970445278723,276,76.20423019059227,Morning
37.79312853796306,-121.1089783170328,367,23.797422717655653,Morning
37.22050878713665,-121.18639118663265,335,71.27542679305324,Morning
37.185961507557415,-121.28504717644822,388,59.31455454881793,Morning
37.95081865991643,-121.75120293624686,498,41.76925946648381,Afternoon
37.20989762958623,-121.08978334503335,199,47.84276960273103,Morning
37.260918579650166,-121.84558424246079,184,69.47201224877207,Evening
37.96961593890434,-121.37322948058278,299,43.60944577468612,Afternoon
37.73470857026503,-121.97119881945348,493,36.124515837358885,Evening
37.69959653302353,-121.35628019367505,366,44.527324511819,Morning
37.85292638385458,-121.72285564812664,154,50.53908628245344,Morning
37.115823082236794,-121.55032302281629,241,23.23543576448442,Evening
37.70595623658001,-121.65473544794294,369,73.06354111868934,Evening
37.503688609328236,-121.82724324375378,447,57.193086418072966,Evening
37.82915064028414,-121.37801920990613,213,54.32882421362422,Night
37.50814171866519,-121.11802444485939,222,16.96473583264467,Night
37.62024135426891,-121.0409157577176,49,52.29217567208143,Night
37.477742126399534,-121.80765363684608,284,18.467246356694464,Night
37.478158923555846,-121.28262722593702,332,15.508837263677933,Afternoon
37.767969978061835,-121.33566063339431,91,46.91176269496753,Morning
37.62856640064728,-121.65662221042543,190,38.19498738325465,Evening
37.63326320160941,-121.98090080064627,329,51.216718910935626,Morning
37.45028248383153,-121.31020875268713,92,16.245551764006702,Evening
37.53110949633753,-121.0545051394405,312,40.16881439930809,Morning
37.74571766620479,-121.36787987808435,271,22.23507005316106,Afternoon
37.825940919111915,-121.56470727581237,281,79.09700601468816,Night
37.69656140214405,-121.47484610588837,209,49.280514870462206,Morning
37.92407298884568,-121.80037119234008,249,58.12058026586071,Evening
37.8203240881472,-121.24945583624626,411,32.779279647782545,Morning
37.56186378980952,-121.25358016999014,189,16.63172403455409,Afternoon
37.671406072643734,-121.85448269961257,441,78.31096039484757,Afternoon
37.9263082769212,-121.12202161750034,180,30.038132476822824,Morning
37.61916804424306,-121.7308102605267,304,39.6665729621502,Night
37.82480694797983,-121.01774393906338,186,55.49047451918025,Evening
37.688810503589984,-121.61709698596276,378,11.72881083802779,Afternoon
37.55193636106047,-121.8221159412655,405,66.71813913621008,Afternoon
37.241838195415355,-121.64827988865434,246,47.56047330200342,Morning
37.42599751946843,-121.5598196713028,147,29.47520309481755,Afternoon
37.967742824833714,-121.93069222696171,336,14.312558970472846,Afternoon
37.6577653832726,-121.4217816187767,375,21.374889083210903,Evening
37.564395380338986,-121.4023675601311,320,72.65237011974058,Night
37.93295662552823,-121.26106954465052,138,58.02169567551237,Evening
37.58651178103745,-121.97083010770926,58,27.493120514582287,Night
37.526082518417404,-121.45876178556617,173,14.592053546152068,Evening
37.759310855150204,-121.94709256672934,286,58.343071867064545,Morning
37.71266561898654,-121.29885578003335,302,50.06854081774356,Afternoon
37.193160008408434,-121.94427201429902,125,38.31636671207645,Night
37.47130827457412,-121.08827215165837,33,35.452801443304466,Morning
37.472515442819585,-121.2979174331155,320,25.17699931503758,Afternoon
37.378224515243346,-121.49261023491485,34,56.87278795762624,Afternoon
37.517293482152255,-121.55849607671882,400,77.94676194557094,Afternoon
37.413107397727146,-121.86932736958674,136,22.300067208577808,Evening
37.199345489471185,-121.70900061043534,243,51.79816340108523,Morning
37.41236648727468,-121.13104089497911,218,39.692953902218335,Morning
37.07227694757318,-121.09554718843751,102,41.268210522126545,Afternoon
37.57578586277441,-121.99925229162947,103,27.79030960894701,Night
37.853654548941115,-121.40586360852245,336,67.75944129629934,Morning
37.725287084354555,-121.28069939097489,234,43.96789229030688,Evening
37.36039404005411,-121.38125301754239,464,48.03840965387849,Night
37.08707120557731,-121.91832023513365,387,31.333263895812802,Night
37.20214939922527,-121.7822751012011,289,22.72659259668648,Night
37.54549034049484,-121.74965973261861,20,16.013727174197435,Night
37.207057083383035,-121.1682753686949,338,59.98833986474411,Morning
37.54397311128497,-121.53680056369107,21,23.736399718149894,Afternoon
37.2315990247639,-121.51317178805877,44,58.305274793215844,Night
37.848923869476074,-121.0651069534455,456,37.32635122328677,Evening
37.39727147284046,-121.36291411114529,461,39.1042360692756,Evening
37.24555062594449,-121.10133229844733,237,42.842424726494016,Afternoon
37.81232618024706,-121.54349114465846,229,35.739595568928024,Morning
37.34283896480545,-121.85056374148171,450,17.043398405581307,Afternoon
37.11148768783878,-121.07006440592592,150,31.674226700199206,Night
37.570409491403645,-121.54129488433246,32,56.46140524857569,Morning
37.58156420443799,-121.81836857812118,92,56.60490810282097,Morning
37.71469567523573,-121.69760425969608,499,30.035701506799604,Night
37.24021943320839,-121.94919741031106,238,42.20718385903816,Evening
37.443771339092244,-121.53169940854362,432,23.541305960835622,Night
37.282367919042656,-121.14687182808976,353,24.726045707088502,Afternoon
37.08095373611569,-121.0664195439933,89,11.613296188462519,Night
37.876613827015895,-121.06739779249635,362,72.77225849354213,Evening
37.72886980448834,-121.87476997437125,405,24.749466555243437,Night
37.301463059458804,-121.61794611748894,299,25.927371385552433,Afternoon
37.599372992871984,-121.9717712403493,464,29.572100285159227,Afternoon
37.201263788134476,-121.14483465502853,340,18.91856501868003,Evening
37.89023662179577,-121.64124423797873,168,54.7484018226954,Afternoon
37.11490634336191,-121.36888297210777,486,15.26000672243106,Afternoon
37.0038371455078,-121.28510156192272,137,19.39416984284452,Night
37.50200819773918,-121.57015533025684,199,55.132970861306504,Morning
37.58312782345287,-121.69355766344975,406,33.77624343370099,Afternoon
37.57896532029581,-121.03778708988405,40,59.55634786908323,Afternoon
37.05451192743783,-121.03551177497614,395,49.01973212690994,Evening
37.314043806918434,-121.71056363196998,368,27.921482114305913,Evening
37.49919894684133,-121.52037490325554,24,55.557956534252966,Night
37.21657918562724,-121.02715584133998,322,18.139157620501646,Night
37.872625885485895,-121.99513159234449,84,47.54872681560213,Afternoon
37.08710928946143,-121.58732175162085,43,40.60036735315242,Morning
37.48738444167204,-121.89954245031903,368,28.751150797220856,Morning
37.69141605751315,-121.49084203443739,205,52.28034984176501,Night
37.26175110013448,-121.97533004545951,340,70.99335146381978,Evening
37.62424073699752,-121.59310156860937,38,79.92332898341537,Afternoon
37.82938515014237,-121.77930092521467,203,52.54339381203972,Afternoon
37.19033697509505,-121.46669163754126,25,38.329411203041914,Morning
37.917220591824865,-121.0040063508993,432,25.76449701513411,Night
37.55355853266236,-121.19946389487325,86,27.996726257657823,Morning
37.29923200430106,-121.15435790837557,302,43.561848470483596,Morning
37.43085827538227,-121.36473501264092,90,35.70943908964965,Night
37.31219188378639,-121.95844015172774,414,73.9670165837461,Evening
37.72511115993331,-121.79320232395585,437,35.78068273589967,Afternoon
37.79630066341513,-121.07493544355295,133,36.14112138018048,Evening
37.83293739231866,-121.63388688207125,28,36.847415870378384,Night
37.98576824958574,-121.8963632735192,464,68.56341472573607,Night
37.791284292496684,-121.2975946341338,111,55.55518245928313,Afternoon
37.60138407068856,-121.70054227606575,401,52.99181952232249,Evening
37.33922029839179,-121.73114308709583,86,33.390011566870356,Afternoon
37.54459544871075,-121.00202254444174,238,67.25329237827076,Morning
37.0410681727904,-121.14186107497335,459,12.68547029489908,Morning
37.74482507552991,-121.59206218163216,306,70.95580206366792,Morning
37.445955545092104,-121.0197387921835,212,45.892492985575075,Evening
37.02002322973219,-121.34988677658079,481,37.877516440438896,Morning
37.062506941510414,-121.25797754812024,463,44.801709650237996,Afternoon
37.38746646382176,-121.96848695691779,70,56.71908713736818,Evening
37.58342151901844,-121.87839474065194,35,10.893579856252815,Afternoon
37.464203948952125,-121.36691487350376,80,71.00862995207734,Night
37.61920431729215,-121.10097601735052,112,41.2717667717975,Evening
37.48029425879135,-121.3762562739124,476,34.007656379005475,Afternoon
37.66170384548135,-121.865975105681,335,19.677189594383997,Afternoon
37.2191260646708,-121.88423995375368,372,40.76257620509095,Evening
37.11284318718362,-121.15581410417592,166,44.74259398990652,Night
37.59643395462566,-121.86069766129208,372,38.255268614543446,Evening
37.48468951693631,-121.47976803949598,368,57.50620656788279,Morning
37.026867654044935,-121.9628866800377,203,39.46275701314582,Morning
37.38048188549303,-121.91933023260883,284,77.29923044926014,Night
37.10612558549099,-121.32765173235714,333,51.94942624765143,Afternoon
37.531356831752696,-121.31081858957248,195,66.52345549563363,Afternoon
37.39577767966043,-121.65853059339156,335,17.65491321766352,Afternoon
37.61315191110302,-121.78439023475696,122,37.810390506213395,Evening
37.80560221877024,-121.18628972924269,322,33.57933910130069,Evening
37.29966868384149,-121.78289677053012,174,49.86376716956143,Night
37.96210210416503,-121.45797293033363,70,70.2779464042998,Morning
37.53563450058758,-121.0317911591371,101,15.483675243340468,Afternoon
37.618290798754785,-121.85214756213762,295,15.080235863129754,Morning
37.68067237322574,-121.05912373250528,464,69.52223957103192,Evening
37.66673152985759,-121.81710694693133,466,24.899506022685017,Evening
37.510970743045064,-121.43255679197676,162,56.81272781148696,Evening
37.42876429111468,-121.62299228804126,234,48.00146926525636,Morning
37.053781964177375,-121.03507139849818,136,68.30255164210607,Night
37.02208584530118,-121.72645797099807,202,18.756223688548246,Night
37.35796119453276,-121.60034199791424,124,19.08480760058279,Evening
37.333660890633695,-121.01713988214458,271,48.97728521948153,Afternoon
37.38769515483901,-121.46352960881153,27,76.24650573508596,Morning
37.13836820088819,-121.49736988437874,19,39.0498430859528,Evening
37.738168270536846,-121.742221511796,101,32.88594701782864,Morning
37.856964414776236,-121.29863643968956,148,52.46825262385201,Morning
37.93871463537403,-121.98562704822223,490,75.13140203815217,Night
37.49236230351963,-121.95048737029771,458,68.58494829912365,Evening
37.70086569912543,-121.4006414128642,342,79.68385275132539,Night
37.85555112343587,-121.65832542618155,366,11.579800824166396,Evening
37.41829111109349,-121.04668362779904,349,17.900070129893358,Morning
37.30941279487045,-121.09680930927722,458,52.66274343566354,Night
37.93672455585349,-121.28629374132329,61,67.44035075336947,Morning
37.51567655107707,-121.1818544188722,204,29.967103961473658,Evening
37.497253886590876,-121.33266815033231,475,26.74477616239531,Afternoon
37.178416096563495,-121.87441789728985,498,65.08830595668405,Night
37.108155014573356,-121.2344566303108,215,13.946729769726211,Night
37.84210686248351,-121.78980803128115,296,35.85678533078096,Morning
37.614133176187515,-121.6765571448998,484,45.40664558146308,Morning
37.32582458401945,-121.18076578789758,410,49.22440720452264,Afternoon
37.191736217390265,-121.46347439160655,448,61.003060975494385,Night
37.55549728016963,-121.14005928581659,375,34.839200640146075,Evening
37.58391928926113,-121.78696468015674,102,52.887904127222505,Evening
37.20699360124506,-121.39222156139311,429,50.97627959536695,Night
37.85140574789148,-121.91620902745174,494,48.333127045762296,Night
37.08426436615585,-121.35693900645997,419,54.83383051995485,Night
37.35609308516642,-121.23746596222446,318,28.161441974765342,Afternoon
37.680384413762525,-121.41506910602128,154,15.925412750924028,Evening
37.2741203638192,-121.73376849850119,95,18.349017042782037,Evening
37.82767519478127,-121.96865733114113,162,25.720766785773073,Morning
37.7398678266004,-121.88055111603572,11,45.01385548659497,Morning
37.789022844548136,-121.37769702092598,351,68.83099253822141,Night
37.11910653587672,-121.06557978315749,398,59.09053394618689,Morning
37.140547127995546,-121.793465596028,269,65.2328422941433,Afternoon
37.286473737744586,-121.2649738508949,173,34.56829367482639,Evening
37.51807716519756,-121.13354893675096,15,38.325761915398516,Evening
37.7480160766994,-121.47911782155249,158,37.55773201934289,Morning
37.836530890760905,-121.33073420415634,214,23.431122908315107,Night
37.70433531595718,-121.18498468332385,127,14.285166070050042,Morning
37.92859688153064,-121.7393248422594,494,51.36412649790587,Night
37.73874350961593,-121.70310432573196,98,79.24516783944102,Afternoon
37.306267887004616,-121.99937248337154,163,21.6780793465184,Evening
37.26508128433857,-121.0369058691022,448,13.267937392949163,Afternoon
37.69619245030109,-121.08245510540365,176,64.56721772767531,Evening
37.192870568689614,-121.23543173624057,477,27.681020467930693,Afternoon
37.09271481081027,-121.92092397902336,170,68.07506637470499,Morning
37.532222874856195,-121.5524971103005,279,59.27556669241608,Afternoon
37.821641569778954,-121.89810824602844,65,76.19714759355632,Afternoon
37.10137984246986,-121.9840797327372,237,38.624906502967036,Morning
37.79189132379573,-121.3838170347874,346,56.33788876154439,Evening
37.81157200435155,-121.03917058291981,158,42.539834656928946,Evening
37.482274000081546,-121.09713197656785,55,54.14120881159805,Morning
37.057310310010486,-121.3032451850646,153,41.471923420541614,Afternoon
37.174589851247184,-121.90335941583513,247,23.204257249685238,Afternoon
37.707426275161936,-121.7258359623277,281,45.55281912023666,Afternoon
37.71177794499095,-121.6799432731147,129,47.00089410062096,Night
37.89835527516767,-121.23684994225444,349,66.74226937821128,Evening
37.582686146554586,-121.19775082076488,422,61.48644940555069,Afternoon
37.124107367713776,-121.61489387701008,229,56.46541367590109,Evening
37.12141490550497,-121.5821160033824,17,17.93709668868008,Afternoon
37.72113235735682,-121.95549096072384,353,60.443140346460055,Morning
37.1837846651079,-121.71086328158124,396,45.02136094481603,Morning
37.32838549961661,-121.54871482282236,482,72.58696752743114,Evening
37.487212006921915,-121.88301695361474,284,74.39096538913799,Evening
37.02476487757615,-121.54673253924499,362,13.860961342124982,Morning
37.248819027019934,-121.1468241877422,75,67.44490922481351,Night
37.40788960850728,-121.41867898027495,88,12.638817329586942,Morning
37.2796363184932,-121.92107014496159,95,35.70187379865159,Afternoon
37.13637032746757,-121.80832868116973,133,47.96099829347554,Night
37.728012257796195,-121.52545564984145,211,20.367055903898923,Morning
37.81314765516799,-121.63851285017819,475,62.241966879835374,Night
37.25747897614372,-121.6412729804539,159,10.584829292049701,Night
37.774419494606306,-121.47073255185641,55,21.80193339038258,Night
37.38555356440131,-121.41560407841054,122,50.6557780897433,Evening
37.506685790854,-121.20313842972381,100,60.00712934261047,Morning
37.85600107489315,-121.65903343653751,150,74.16501718857413,Evening
37.74995368180241,-121.19453371695941,298,59.38476563542367,Evening
37.80511685131618,-121.66138877088737,398,57.02454891784062,Afternoon
37.136845166586355,-121.94456701105877,227,37.6038802445465,Afternoon
37.06971942583373,-121.4458123489952,86,10.089909786876099,Night
37.89340472908799,-121.41209767510519,420,18.411148111493535,Night
37.387834269571094,-121.06545975437814,386,47.41881813292274,Afternoon
37.28787967806968,-121.27393867393752,393,57.25909200910938,Afternoon
37.72469625426182,-121.08222734750557,343,39.22137987275238,Morning
37.836415596579855,-121.09165278975699,161,61.14753080698731,Night
37.8624896218983,-121.39542588974176,332,46.53036067325252,Night
37.31599714112523,-121.47223793466355,248,15.192333691601855,Afternoon
37.852212391201675,-121.4425590328364,124,23.441137567756417,Morning
37.040933944374345,-121.02166919232275,328,68.799875627076,Afternoon
37.049661491459716,-121.22683230825304,378,60.74389226371076,Afternoon
37.623519195174154,-121.8937340952076,103,72.63333909087464,Evening
37.063106369115545,-121.2215715932186,492,18.22900743846556,Night
