CPU_Usage(%),GPU_Usage(%),Power_Consumption(kWh),AI_Model_Efficiency_Score,Processing_Time(ms)
61,15,2.895102449718346,96,267.6205475839761
24,18,1.0658368031299197,66,132.2669397507418
81,64,1.0972159421867482,94,10.98907369663462
70,34,1.1459406291772678,81,95.30002090260034
30,39,4.729189063670788,97,67.36236029784264
92,89,3.7980451325360383,71,230.0515250553639
96,41,1.230718525980444,53,310.0064938733039
84,9,1.3475708769452064,54,114.411654255556
84,87,3.788732636918944,86,470.1379770239217
97,82,1.2027373015647826,90,13.274243319705011
33,30,1.555525820006729,98,388.427497431018
12,66,4.835060747691796,62,316.3503370699167
31,8,1.6488793612779433,83,193.04185251336412
62,93,3.47734557667016,94,34.73958276207988
11,46,4.903840793302387,71,317.4684201742969
97,93,2.184335452129067,72,198.95062130416756
39,22,0.57882195887928,52,468.77089831247736
47,44,1.598662806900684,91,275.5751366959853
11,76,4.238947361037674,83,470.42924053381904
73,43,4.390739761797665,81,118.03700980191901
69,18,3.9583371403570604,94,365.60569607841063
30,36,1.0089941858445786,98,312.45202021587556
42,55,4.079796672633814,70,372.3100326173428
85,42,4.634050086470769,95,115.18725334654303
67,27,3.2027429414580624,93,335.84731295650914
31,67,4.733939103521291,70,254.0397925978658
98,19,4.220774976703448,93,373.984237704095
58,29,3.5013718264590827,60,170.2518756343907
68,21,3.0973335652028666,88,446.12794247797376
51,70,2.0685815025888674,53,51.30764415956168
69,82,1.2167935035926232,50,405.52276620768214
89,57,3.2222926521074338,77,432.0466166493945
24,55,1.9315019912815377,73,410.4536325697424
71,43,4.398974003874404,84,261.2359331882702
71,55,4.9700162181138285,62,224.80864021507304
56,74,3.8859249317700764,96,498.16852039718964
71,10,0.9071676287917283,83,122.29425609493944
60,71,1.7990851798878715,60,277.9692232792618
64,11,0.9909933429458737,85,338.6310074373395
73,55,3.427302415062721,66,353.42514157210167
12,76,3.943358890501031,84,109.97208621190356
60,46,4.665536738963203,67,330.4571052465026
16,68,2.4717755588539445,89,411.00108757585525
30,19,4.556190423147999,71,34.509102642344985
82,33,4.4505102156859735,73,456.6454337294051
48,37,1.9273807254442936,68,24.45698702115091
27,31,4.41005281493257,86,184.42580591931323
13,40,2.1905251334677693,88,17.748466154151412
98,33,1.8359117355212635,70,47.80113258439511
69,42,3.420835964574769,57,456.47245973823874
23,61,1.9777155254828647,77,183.88180706561243
18,31,3.335939367481149,54,218.13804990827592
99,59,3.2442431247441252,66,115.5187468774508
62,37,3.0354751730680647,86,302.5769273914927
11,72,2.21188866904759,85,301.45357519211694
93,90,2.9682487474316455,68,192.37819199435742
69,70,3.184184637434397,76,173.1870871846452
80,14,2.9555909982296305,83,443.632511008488
53,9,2.499887537380407,60,197.80927742467867
17,78,0.5660017567081872,94,251.81548615566004
56,42,3.1417776846551795,96,148.819333588216
44,17,1.2579997331422383,61,395.5170566449924
87,35,3.3915918602623534,70,204.7495968805549
90,51,3.917049475652897,60,261.66941280671904
45,92,2.7520038910883367,88,134.14501332923408
59,56,2.9406364924088226,77,493.9532002472134
13,60,4.78165351849696,54,152.8329130526242
11,19,4.312253126176584,66,387.66384014372034
15,33,4.614064321781615,69,219.472868674812
63,12,4.161948297438139,90,111.04652849122854
13,9,0.9901325383102915,95,401.862194342782
63,33,1.1704633518658762,61,173.46732662423116
72,51,2.869807087710318,55,433.94474022492744
27,72,1.6073134645909921,66,458.47602060973327
99,80,2.6451296376852165,68,431.3136793417252
53,49,2.274643957182576,75,27.153878255334767
43,6,2.97236407293704,97,395.81293905250175
83,31,3.8609407226112022,93,211.5563385845805
71,40,3.719709081946735,93,438.1242308892903
23,40,2.8455535961840046,81,322.59758871552197
57,30,4.200770384676762,55,418.48513573053964
24,47,2.43887941192115,85,254.72156723474933
81,31,4.535214304280551,87,272.1624972534771
87,73,0.8207612152482375,60,80.74993974549695
96,24,4.795970135149884,82,394.15380575778414
71,15,3.4461188664410667,73,215.5009097168161
49,78,2.210335290217424,72,255.0392579530755
94,42,1.387193569577948,64,394.69787990689673
89,10,2.6563245324961997,76,303.4342460389251
91,76,1.3755124543338544,60,108.53837644690704
62,27,1.2484922348441396,99,299.21400298393746
33,51,3.278082908358384,66,209.74010041003132
35,94,2.853881260618031,63,240.0675156014927
98,50,3.5154321557492376,76,23.872524457307215
69,16,4.683226448398951,67,112.91438126297798
50,94,2.8951709600256805,77,147.70865987670385
38,17,3.1141942396825897,96,359.3504038508148
24,66,0.9033185261972395,96,15.631311916076504
54,86,3.729361036588833,53,210.3008580022747
74,93,2.299573430618703,56,462.7731665086091
98,64,4.895263573981605,94,64.82150210907068
80,47,4.204283070180471,84,263.0479502271194
18,80,2.8511646823225325,97,395.39596737151504
97,72,1.0545019437747472,58,471.8403406848572
10,9,4.367371069762651,57,375.9205533715218
17,41,4.0990149294080975,94,363.077118835759
97,76,1.3306330829166484,66,414.9791641959236
72,35,1.8287523014913953,66,228.6385982789964
20,13,4.070332661665268,98,404.8638209827382
90,55,1.3335280094633435,82,13.902558325271052
17,33,4.629886201271198,81,463.0349171346344
44,82,2.4103734133836285,57,227.2201896634159
44,44,0.8916753316444639,68,281.15629205421635
42,45,4.170868895769264,87,134.89230196829232
14,90,2.1807935736727444,52,373.8401080918065
50,15,2.8692463736920146,54,47.55154517287192
37,27,1.0053695498504862,62,437.5915432479493
16,5,0.5116280668024207,96,415.77724621310796
82,50,3.3709334260698394,95,115.86945695993553
81,25,2.818288266501792,80,406.56895515977857
21,94,3.1709235610541624,65,395.3152892001259
43,40,4.071847326712323,99,319.786132899435
42,58,3.4097266104028705,81,193.0248866808469
57,91,1.2864804927231972,71,143.03438954911525
32,61,2.123476335997699,78,123.57395924178151
71,5,4.576509971544922,71,166.1183917541675
97,67,3.964751151132555,92,452.74363728193987
46,58,3.0048667607152275,52,48.043980234502826
53,59,1.6504024901417254,59,416.1469253639497
95,44,1.8592722582565777,91,180.95613677049354
44,19,3.7938113041353554,70,265.58370404556547
74,25,4.330284173837469,65,399.2979604877604
56,51,3.5214110128877647,61,443.34450804125595
87,77,4.142884890957988,51,178.94289583559703
12,57,3.949952608401827,90,236.30330582480406
10,13,1.1736678558063098,73,213.11287176022822
14,78,2.4077516581098592,84,16.493006416916167
99,56,1.1884271037285319,79,155.01201554074174
23,61,1.5585601316089317,79,235.0027245289553
36,30,4.411668310929736,96,211.43586835141548
18,45,2.6280138453493196,84,363.7453214826829
88,39,2.909111458291974,68,198.5537724383406
24,67,1.3030068435249746,99,249.79445999562842
99,29,1.905223037219582,57,220.50821014485805
51,94,1.5361077579254148,75,372.9068129582416
86,79,1.4278377403329188,98,432.85647550361165
60,42,3.3708235699218654,89,270.6256487136819
72,6,1.6559773144057166,56,396.82177515564365
61,11,3.344069687091883,79,155.4254741897268
13,86,0.7630457634884926,56,275.27110897706166
32,38,1.1379847708719584,52,179.1626772982865
24,21,1.7354311430005642,50,212.95845353019683
52,47,3.1867111260306125,85,368.8827937582076
38,63,3.541285602893192,74,442.0146163430292
45,55,2.492226350507872,86,69.53274163300506
22,58,2.5060591155975303,50,320.9732356788164
41,28,3.7603258312937813,64,295.2504657131213
80,29,0.571194912945121,86,68.02336919620663
68,75,2.0349051101339923,62,113.82822191565344
95,56,4.184181757036548,89,162.39122241901333
37,74,3.214487345960175,57,91.79622470057572
75,92,2.0175220973993917,54,129.42744643692748
51,37,4.574861565483532,58,141.12439144223669
54,53,3.9768022735222215,50,174.48017818913922
71,33,1.6920295125653004,85,377.2013218725679
66,67,3.403804268865726,84,290.23697988679436
15,26,3.180878276850305,51,493.2608692561867
37,30,2.305345613175422,89,213.2205552140608
37,32,2.1513023564216027,72,379.39388618009326
53,89,2.046022136490668,58,437.01952647450156
93,53,3.2772010252804105,83,342.69946158864053
39,75,2.490844714163013,95,211.81372280457305
71,85,4.243384009631399,63,379.26136906541893
84,88,3.5132117726028285,53,109.79689750861559
98,53,0.8146922256924536,79,170.5005609382649
71,24,3.380757007226747,80,277.8757749986515
10,90,1.7201634642508317,87,291.9505997702127
36,67,3.167653962440402,60,20.849322981588436
71,65,3.5605936899655313,84,473.1059524904443
86,53,1.5387313511930543,57,351.3473628965211
12,75,2.5558639019616587,52,252.8948376136266
79,5,1.356461882685805,63,467.2323448600711
81,17,0.7355249410392874,62,225.15682697290595
36,91,2.203143905686411,94,490.4134294324822
18,55,2.133249223306964,81,261.0195310493077
71,60,4.979662208169157,83,66.00002729900993
46,87,2.50858558038939,94,384.7524765050459
60,66,2.0010629726249016,68,342.6598852881419
53,36,3.112137530225036,87,388.7634934397375
33,34,0.8994532734849581,65,476.2065940755837
88,33,4.827495811796659,51,390.4797582989989
68,53,3.357320205159649,89,309.55493508615695
41,49,3.896770189733815,66,430.081362156812
97,34,1.267150721782629,83,339.89075528372047
61,20,2.3426503385234176,91,209.9783378447023
71,44,2.402101010282853,65,443.9536844784689
67,23,4.198128997554891,87,118.7312257843427
61,22,0.5055650589173425,51,360.17422470527487
21,5,1.853838987589648,51,441.9660929209709
48,82,4.915563684549367,75,368.34509465461514
11,51,2.6369894457779837,62,351.6649553363899
12,70,2.2213682610980374,96,378.79276409519963
65,42,1.0392305090794085,80,237.87707166731573
90,55,4.88374082882607,83,438.3436342569427
68,67,0.5901186016662101,88,109.68387281668468
11,8,3.817311012532594,52,72.41934384016625
11,5,3.958699121548288,57,149.89930225807066
63,12,1.5964552222873998,72,270.4729244197467
96,33,3.5220129962586677,63,260.17527975057567
10,59,0.9181811497072547,76,412.0933912615275
28,7,1.6567126989443595,78,208.23864163796853
11,36,4.045558947315192,88,247.32876888283923
62,14,4.391087864150931,88,16.55016479710386
53,78,3.238188856969061,50,210.77222585704016
99,87,2.7807729431921717,66,327.40937414566764
41,38,1.2168680927854114,90,17.59908200703017
79,91,0.7839906488561758,79,147.63216294125945
41,59,1.0294206281310139,62,111.89861605180107
77,36,1.5231078504324445,70,30.57286016569823
64,54,2.0375352585361437,68,244.83744405812337
84,11,2.2140928647994427,68,99.04441368179668
65,12,2.058447958650516,74,374.10995441937627
26,69,1.5757489948876953,71,425.48466304404076
47,61,2.793759110382642,80,277.33673950788244
33,71,4.213787487048036,66,491.0365978353594
78,92,1.7586659231216566,72,230.73450002059172
79,91,4.740741585960049,81,261.55042301020865
95,63,4.430014977757315,59,494.71669943929754
20,76,1.2279389510844934,59,123.45873362287392
25,58,4.038241805406925,85,471.8475104416836
82,71,3.08564322042995,57,30.99040200836549
68,55,3.0495891297713835,69,228.72957622896544
79,12,2.259692433761785,81,44.30172094520223
89,38,2.7551884963190436,99,367.32502402768506
12,39,2.2873044984314497,63,308.1203785812087
29,92,2.9287967844197427,99,356.25078909912224
68,82,3.3257752374768614,77,193.49539598432833
45,36,3.5343671288407177,95,191.04614767537635
28,50,2.8961653665174176,73,32.206446690838355
99,20,3.7463993029792926,64,181.47302036952348
76,72,1.135751221739776,71,465.35131710840915
28,41,1.4539212090600735,79,195.82100321842
29,58,4.184307518334215,53,417.3701760487653
80,89,1.9513759003088684,62,422.7394973274677
61,18,0.6030222123925411,72,192.88816662582457
42,59,1.1920601735061398,57,319.6744533941326
49,52,1.5062649552334006,67,56.73208511379873
48,86,4.807952995525643,61,60.80250455979548
91,11,3.0786864301888217,80,33.84225519423953
10,78,4.697288332143147,63,294.6973957538036
20,11,3.0882350772348124,83,218.77477903678755
66,37,2.6570949806203332,67,278.53585476547767
98,27,1.911774610373432,83,265.32586334911
59,89,3.2286692499501903,60,181.59946563445783
32,23,1.1263911107788842,90,341.9619732635017
40,23,4.542177322817177,61,381.6659216490314
51,40,4.231995823135777,98,17.1678468500611
16,33,1.9288915154453168,64,111.54872688675037
25,64,4.787588874205825,80,359.48557536083507
99,86,4.213403453370057,98,199.44388459057876
69,6,3.4983809862576787,78,334.617134001388
11,5,1.0479286000637367,75,180.01170326993363
10,51,2.6520531037163253,67,201.47002464152217
57,73,2.777483996810379,81,87.7526481079456
21,24,1.5464811126442104,71,136.53319963641843
78,15,0.8598442746168588,87,306.6517611787178
46,6,3.9952563371226173,66,222.24992454443154
41,71,1.0491577345597776,72,389.4083146428516
18,91,3.174308377527986,73,427.76662791978794
28,16,4.714021282476472,99,275.40674492621235
57,24,4.442473366691191,57,381.55097310746896
89,9,1.749886806871675,90,160.38321146533931
12,41,4.3315188689806945,55,213.33589554603833
29,42,0.5014962775422023,54,359.2610613462472
33,13,0.5795951432596576,93,199.24387648034502
63,57,3.2114892372928923,78,298.3674182279045
42,48,2.1415919861503827,77,100.83266175043063
33,90,2.239073785216162,60,303.887944335544
84,28,3.0399849080549712,50,432.14171654117786
81,85,1.3630210501633726,92,435.63342351347853
45,78,1.4528990779946525,68,364.92875910147444
47,34,2.6807071415848913,58,375.4191557473018
93,63,3.8941409495473835,76,283.38444812384336
98,91,3.2877398813341445,83,296.4873641812541
34,85,1.838097717065775,93,75.48878489115381
27,85,2.4365172987901453,53,227.49100232643755
91,18,1.2679914134749928,85,230.88037910431828
75,13,0.8358341645168677,67,479.6639394771927
63,44,4.022132183348671,64,221.23256268541184
44,70,1.6942433413468756,62,279.17789600235125
89,29,1.2999487453306169,68,271.2931856467602
70,77,3.612281250061937,98,322.0132413517203
50,26,3.2812325342923367,55,376.63408735262897
42,8,3.3493533170605883,97,120.27051932372734
77,30,1.5300257218097613,61,269.0749653582335
42,62,1.5469049235320644,86,414.6996765848549
23,33,1.4936118340353761,66,236.92620978038062
30,91,1.2818866804803253,72,146.44419772305076
57,41,3.4507565265274533,75,330.80744692458654
29,79,4.316071483622306,78,413.64602394157026
17,74,3.7594286135449755,82,40.93874353442175
16,22,4.064421351922444,76,390.6273368695413
76,89,2.321592930883399,74,412.6074871512679
26,46,3.4433410791739916,59,236.14623451841734
42,45,2.0940630820014854,96,491.81977184104903
57,42,2.86477079885888,72,395.4870869465815
85,38,2.6673568094068805,70,389.0946567988762
68,21,1.2959921531473448,70,376.4409014619152
95,41,2.2418544215103386,92,83.79797057695426
31,29,4.8372002396705795,62,116.4431343619753
39,80,1.6186111597172395,86,237.35516441756826
47,91,1.1021168132576993,82,139.3621314801383
60,90,2.383612797307709,73,213.46807644367982
63,89,4.056519811370666,93,445.3474138622311
17,31,3.119667034009875,60,413.9201770208419
36,61,3.5643867225721007,66,318.7195404551913
36,35,1.3536268167860475,53,430.47899318304076
30,10,3.285266868534747,96,394.04847061845214
39,44,1.955751777101632,74,220.20261660203633
37,16,4.254365146796454,79,108.52192450447312
73,57,3.3318446270483126,58,261.9585096045762
78,75,1.3948532499888315,70,370.7521524389896
70,14,0.7907750592983877,69,223.84560337750057
57,49,0.6918494417916473,68,336.71823579410966
28,21,2.1713385544256334,68,56.220438882611376
13,30,1.6963301149444105,61,376.52232082198765
44,89,3.407405555581286,86,408.2296737476004
73,66,2.747002257403782,91,356.35054933246516
58,50,1.6970867510242131,66,483.9591578879191
26,68,1.1715700007757925,86,415.0595081557138
53,6,1.0723989320935232,97,452.51592665950375
39,58,4.39097176463188,88,467.44983089424755
55,69,1.5956508578219026,77,402.6605160181662
15,55,3.4326979155993573,90,340.38683258318457
46,57,4.148086675938198,84,12.80210486678675
33,40,3.2633659003313125,96,238.2546190793311
55,30,4.368043542411256,97,289.8695263249569
62,33,2.2657717468781353,67,158.9748334995198
69,25,4.802999857920267,63,165.8711789827013
72,15,1.0991525188014362,84,480.9681136979809
94,44,0.9596728834589214,93,446.9383239493455
41,15,3.464114657933496,90,426.09771269583507
96,40,4.742740136359678,56,208.9457828359942
42,63,4.139975577363476,90,16.712289700368128
76,43,0.8438758674712314,62,49.308900763299896
27,58,1.7571547127062237,67,162.9762204266258
34,59,4.686434981770207,86,17.71402736788172
63,28,1.6387629476035306,62,18.403393138447075
67,26,4.015266907041137,85,459.13561780478136
76,73,4.213094881679167,80,356.0176660383365
55,60,2.7295344655744183,51,161.3884351333948
33,37,2.23857009431742,65,74.99584302446705
41,40,2.525559945888918,58,260.7015017685878
56,24,1.5213411246441386,58,12.619618818638584
95,87,4.502259122579799,87,469.8227344904906
32,85,2.5277884552839107,60,213.25940850058413
75,66,4.471067482052449,71,207.14412806629306
36,77,0.9756206595782334,82,201.39086771507328
11,30,4.947238719500591,85,43.97088189000473
99,70,2.494728893496282,94,322.777897497995
26,77,0.7152386917734745,72,369.17177361789317
42,77,0.6710983170685472,94,341.3014448182622
18,44,3.8579326586682736,94,77.83339173140321
52,21,3.4656599039165634,83,293.63168233744034
57,5,4.109587511574144,58,289.04739724440435
48,93,0.9741539027876268,73,435.5212860912772
51,65,0.6600689016599676,57,195.77255260406702
35,47,2.788606802514103,56,192.02811239312277
59,46,2.244178541672463,85,313.07825877191095
34,29,2.578761215019301,67,320.2056002147614
33,43,4.962147839916233,52,239.94976138963727
22,39,4.8683748095180155,77,227.09908754190633
69,7,4.740419253529367,55,252.1323586125625
16,48,4.027292045454532,93,431.91219675662285
66,55,2.096786121156007,93,235.9717816144159
45,16,2.354589186182472,70,470.566578065213
54,23,2.9732721967351603,77,256.9618441621998
29,48,4.23740505382178,89,475.1083396586368
74,63,0.8092077463322049,50,418.0876319158471
17,53,2.4093359864819965,85,187.59134808175625
25,65,0.8717794855667091,70,433.1842964353419
23,21,2.815959139580802,92,63.93100925854646
85,78,4.5450537080280595,84,463.2731159180771
96,61,4.0211821605377205,62,319.5053223906169
24,59,1.525290878943995,98,36.65146677593248
75,51,4.891958823194566,59,325.68579458889764
41,16,3.503076791208928,93,487.3813505309305
96,66,0.5469246472883138,96,44.202320761168174
72,84,1.6493606810834878,59,281.7969777922423
95,92,1.6732098496396244,95,376.4192313820925
60,87,0.8116443782863697,62,407.02670748277035
34,12,4.819219331341681,86,212.77545800718997
67,25,2.6521488255916568,87,110.04161399243907
72,85,4.531165688173469,73,30.747716598468077
71,91,1.9499697655008275,51,294.0658169776401
31,84,1.063551066947722,71,231.92642443112928
67,74,2.6345124945779625,66,474.8847536233584
67,76,1.0128048562144272,85,39.6964047803058
95,29,2.6870697633989296,63,345.8437182885428
58,86,4.641337315487335,59,22.23344883882801
61,93,2.843456638253957,84,94.00274658816593
51,16,3.274248771027876,74,232.2537099621887
79,19,1.2048729663821374,52,232.88749697340543
24,63,0.6968103164598627,96,345.9932660374855
63,30,0.9986358298091317,87,456.00438708520073
69,30,3.1933920905796453,66,323.1257578683112
17,51,0.927552645465371,61,477.23219794723934
62,36,2.1919680047359016,73,441.99166354021884
69,14,2.975413732061702,78,296.4048998100872
14,20,2.2489375938343117,92,418.55805595022537
77,75,1.2365771065938567,74,324.86302905858065
15,21,1.7320608838134794,85,48.4933371526263
56,27,4.677428897818596,75,372.8767143971599
64,30,3.541920240138599,87,56.505136220999646
49,89,2.7322152740594894,50,301.10056247915907
61,90,0.5572170049410208,69,354.2937008705321
25,11,4.9658693022026155,77,42.59852802331907
22,18,3.5215472070258946,65,123.08938042400057
39,83,1.9261511480522522,96,458.67939380820843
28,11,4.456708969990272,66,311.9941011941192
26,13,1.6629422913131815,89,130.68014921716048
72,52,2.948074606322382,77,348.4330878625232
28,76,3.362318436784213,61,302.4204457812279
67,63,1.494785171541778,76,255.7720929597947
64,91,4.902787754602682,91,488.331617744161
99,86,3.866863576905489,96,344.89235092967937
99,43,3.0101595147998146,79,193.9661437372772
71,22,1.312675691788854,90,402.0359817176653
32,63,0.7423619314911176,83,443.445813531382
18,21,1.9402692463444255,86,71.3580741632474
21,18,3.8893430116103125,55,108.27095914418058
10,35,1.7119908423591128,56,115.95123447261206
67,28,2.9280029922297732,81,348.6937865994048
10,64,3.7757622952883443,81,305.4893819761088
43,49,0.9857467159090896,74,313.3058667023082
57,7,3.5838410725214302,82,470.9789168478555
98,41,0.9134189946952012,56,390.1966510755799
10,47,4.843083839571484,61,72.68909301077376
25,44,2.697773585292228,65,180.2784703883387
70,94,1.1780424846944482,65,223.34288662611044
73,59,2.0407263621509593,92,204.0211784863264
72,91,2.3603740218286764,85,337.9612184893208
78,43,3.911832549844418,62,447.02762059571563
31,19,3.8454070373447418,56,159.96521712616612
76,8,3.2537322740179895,85,280.41979684638096
85,90,0.9766882065132183,96,396.81061673765697
35,29,1.1820621721445312,58,213.94684883422119
25,17,0.9219061429050048,81,92.37788291565496
60,86,3.0972775247939754,60,242.72597297923664
95,37,4.447122986801318,57,37.05903516408395
66,20,2.452102305146473,82,471.76789246111565
38,46,1.2238167828098578,72,46.66239054553679
87,70,3.0111904631703514,74,224.8437904727833
78,59,4.152884975895694,57,269.6418179333778
56,46,3.837704276808185,94,492.79887782076986
71,38,4.466528508537596,71,91.35069358500178
78,34,1.7505594376199052,53,66.0714441200557
85,17,1.372792402704987,89,14.266012060646354
25,17,4.459174186738725,52,86.23000406595813
99,22,3.459021407501104,78,111.56375974315714
99,36,1.8991801850339938,90,318.98466137571523
57,43,3.8405662275762915,78,117.6563272917862
94,50,4.168032730161656,83,20.055199217369353
48,33,3.2674020815350957,83,415.04298929621945
42,66,3.595478494459618,77,189.1418934919437
32,66,2.1886695699919985,62,183.31137642455963
19,61,2.924130503043676,64,158.21472429228402
78,20,2.85871626826773,72,487.93290580174624
43,60,4.316215060088473,93,93.35655448154793
61,14,4.279837911269821,75,450.1366513370852
19,34,4.247062112061695,53,390.6336327485451
28,29,0.5496422641810961,75,47.47517819466341
67,88,3.872954680109997,89,493.49725973541587
10,9,3.914043755499522,58,142.96932213411517
78,69,3.552704702848138,54,58.305634240982045
13,53,3.9031909605115365,81,416.3639747216221
25,7,4.288866671735189,69,356.27101150207295
33,49,2.6164357434580356,99,312.4372148801714
89,18,2.759225960698012,60,86.43062321247724
11,34,1.061213256101257,64,244.46309696542133
41,72,2.2341914737131283,81,392.47245317473477
93,22,3.3951433096030295,77,158.7757296904817
33,66,4.011798992662735,71,162.72801597237032
21,41,1.4774409396104475,90,11.539043963579838
59,29,1.1202030462165593,66,95.37926680623598
44,52,3.483689020252215,75,438.9487563096988
42,69,0.5084594758620979,93,226.45578090247648
42,57,1.3026766293829843,56,492.27490462487265
70,83,0.6308212115477918,91,203.89690215115834
60,77,1.2509830303469192,75,360.4413628423182
52,19,1.3159367596647735,74,148.1403310233173
21,53,2.244531176376774,59,188.26672415905742
76,92,2.3104720610895018,94,103.45573391953837
74,72,4.4341811177460695,68,180.06056056470354
42,16,2.7954937062447134,60,278.1463850061151
49,63,3.755321445255288,62,495.9687116798322
83,41,0.9686181106412934,57,335.45883940517496
52,65,1.5144743995866223,89,107.63051766007389
53,47,3.6632454844040456,53,32.031106379860056
38,74,0.7376178221083765,96,71.9146758441102
22,43,2.689689480096889,80,285.65204862379323
21,60,3.1971603454832023,77,384.9285611202155
55,67,3.2096553982361646,60,470.805411577366
11,50,0.6031976507061891,92,17.753354278442202
44,92,1.9494860190313348,50,266.1524693653162
96,15,3.3642079297211933,98,240.7250045493566
90,66,1.1704988126715956,96,331.46696076809496
99,81,3.6293704174762396,87,284.19363868801753
17,29,3.8566634396615354,73,346.64918378541546
35,75,4.918861357007653,96,332.4604665271033
83,56,1.4442889768538425,80,67.33574518039364
99,8,4.213088004497518,90,401.8617776731726
43,63,2.8413345961339433,95,70.38396210099917
16,76,2.1805816826487803,99,352.2800063524772
77,24,1.0506954079633006,75,213.91123014389728
67,67,3.809775229193919,98,261.78685994253294
84,58,1.5613591961465918,99,452.6160270440982
38,78,2.171399008428706,54,446.0430259720084
45,61,0.781440021038158,69,410.74958977096446
98,94,4.106151121187835,90,259.9727064235984
30,45,3.949648357872395,60,370.7575069655782
45,7,3.801271235190406,82,261.3195572042166
19,10,1.84749579721349,99,436.10698041264095
82,9,1.2806603341968077,87,207.36015828412096
33,9,3.3689896901160337,76,485.41531876328963
73,58,2.7327487285094874,83,466.83815153215
58,51,1.3021361010708872,64,373.3852835313749
45,91,3.5866007197243865,81,146.91378324627527
91,53,4.960068943195867,70,74.51025850869661
33,13,3.8624881448391695,95,428.80469054566674
32,24,3.829938740085253,54,90.99812020760102
71,65,4.776407388187662,55,428.5877866086945
46,39,1.41321365408706,87,250.47485328905663
21,54,3.0449748421464817,71,209.21282406597106
64,86,4.9084102176524755,67,452.56348162887025
22,66,1.2438234993657855,63,305.8869814447362
32,21,3.6511338175003445,59,292.5408634935617
98,92,3.1361456568735586,95,283.7953128659548
39,7,3.1391559148491814,62,191.8730628495704
26,36,3.6395178238403383,80,394.96512072927237
71,17,4.683276152940579,79,133.87123756772877
93,93,4.021618729331021,52,470.05853042022477
98,77,0.752612465372945,79,448.0527504730108
95,72,4.3372760894407,55,175.3653595807001
22,18,1.5149359846657968,78,367.4372472175152
68,15,2.196113741313674,57,290.8793652802998
28,60,2.57779766125572,93,175.44815797962497
58,71,2.6640770033888135,94,494.3756075177689
21,33,2.4583117966491055,92,22.366299465649462
70,13,4.71808982397139,93,133.79655500443045
28,71,3.6770855344881106,82,264.8362899444637
85,29,3.3402679068051784,66,265.7569717044963
18,80,0.7242891250232371,97,298.5772067233264
80,46,4.567609986171686,60,378.32132429123044
37,13,4.592255864037783,62,315.50413695445525
87,83,4.01095878543546,99,304.1379156587381
61,44,0.5316314171612861,60,36.22208682739121
92,29,0.7577611298493051,80,194.49984101675616
25,9,1.513506660208204,77,123.70731245356644
78,15,1.09107233665208,93,140.03135468496797
21,63,2.2947621336667825,55,281.62536242676896
34,92,4.651803761395054,90,107.75760431550813
61,83,2.6242719538864923,65,154.0350594982798
94,42,0.5603118189447452,53,126.17150717349665
62,76,1.772355603104429,84,474.7664421769154
32,9,0.7006770876783269,97,472.88620876383663
25,52,0.6632943017607598,75,308.8713637120653
66,94,1.740739338929985,61,463.01600967863095
48,22,1.7402555240552544,60,395.04819627950286
62,74,4.042069711707218,86,299.0744625728863
51,41,4.886755937515003,74,13.153253633429898
67,64,2.170431922504992,67,388.53298017890796
48,52,2.4299909548746736,68,354.21928737834975
23,81,4.301552463287097,72,311.47429010838283
14,32,1.7066255904298102,87,382.60791272441116
44,73,1.2037181198155158,67,261.3318607396352
96,81,4.3389033053164265,75,355.0008029474561
84,85,0.7092526389802947,55,468.2343224959817
27,44,3.2886474808973705,53,194.14445776458228
85,49,3.0289678136006306,93,356.97969910130644
18,66,2.0566420137576245,78,243.08703082536977
83,62,1.9183528449381155,83,340.45582938885093
67,71,3.973359767817296,66,383.8177344216384
26,60,0.8889107484314591,92,32.27172521354002
16,44,1.5655293919012343,92,326.83421753484436
55,44,3.796019293271404,65,121.10318035940284
22,81,2.967442626768909,51,338.3159435257077
49,37,1.0759469384011386,83,239.4817911075686
51,10,4.469610264269271,57,389.04084351379475
18,92,2.270515309536162,62,70.46639945074224
59,23,4.225407688949778,91,316.8979523115356
36,84,4.04470856987469,57,146.45065717450063
75,44,3.309914509122776,79,427.9611777119898
14,63,2.725165090827918,81,464.90791776179066
38,63,4.907978781717906,85,498.23516390273716
46,52,1.1523428257091766,96,400.0436271893688
47,45,3.7632007739800164,79,379.32969450972223
92,17,1.3603581565915506,50,115.59537184510002
17,49,2.022183973995568,92,174.6434589051533
74,93,1.8891443451793786,88,238.18444546351697
95,57,4.761661944824254,66,388.95671341330234
26,46,4.853102800047238,69,458.33327388820464
80,67,1.3235694990562723,73,102.67815901126247
98,31,0.5991582213387688,99,461.96006748835043
54,42,3.740036178484009,71,350.85607965348845
13,64,2.3809547024171795,78,309.27765803566894
45,11,0.8997811028940397,71,107.92222292815036
79,9,3.5768934750966914,93,37.207266076483776
40,49,2.9529748771731485,58,288.54780026889057
28,62,4.9123256990049775,86,329.2426848311573
70,35,1.5233427313762051,59,113.28291018379723
63,27,2.317900443469467,85,282.66354085447364
48,46,2.941456115279403,86,429.68176735366103
83,14,4.062649948040082,77,419.1823132729598
99,36,2.969773955240264,77,464.4040384872856
28,57,3.2580507238787715,91,189.2840466828714
48,34,1.5176617321547334,92,165.84429054995016
76,43,4.311134276398519,70,377.21874293059625
54,35,2.4288374613671406,73,221.24507849753243
22,86,1.1343183238479617,91,52.898845373612495
67,6,3.488845615274378,89,148.57255402854486
29,82,1.4724070393338837,51,215.10531991042967
81,81,0.9390312960768488,57,153.33304848336348
70,16,4.378941087819225,97,172.78072976418758
48,43,2.5707301901979784,76,153.95019402545148
10,70,3.871776707130994,71,30.334591919708927
12,17,1.8076440191285978,86,322.17640340397685
86,50,4.0413656071294985,76,302.67328597319994
71,31,1.0037116715968866,78,330.1579142545535
72,21,2.101880182076837,52,104.23184905647746
34,64,4.901278180880879,93,154.8707253901178
65,68,4.072953723656028,62,313.6118042030119
42,92,2.737651686416097,94,303.8175085453615
47,39,2.028998622028483,59,258.10185158359127
15,74,4.424610650101144,85,181.70249250499674
67,87,2.9518149158803206,58,457.3361923395981
53,34,3.912912580411,76,176.48741872643345
54,75,3.893484561422738,83,233.2533866542533
41,78,0.5807555535582132,50,342.2757771675623
54,67,1.0681420225667606,81,276.08050112471443
70,32,3.46833214877634,74,179.97412841854893
56,64,1.2272891507864214,78,223.46594732368982
30,83,1.6497200509502212,56,399.29560074821796
89,41,4.759870793898232,98,146.2832861884401
94,26,3.0208201626871034,52,79.70506749063956
84,72,3.878282781497062,69,163.44996889659078
45,24,3.0109133245218795,69,426.27176558907166
28,72,2.9863112665222635,79,53.60496027960986
29,68,0.9236835955656406,84,495.9310759525014
66,21,2.046484366740964,84,275.09142047455464
27,16,1.7709390440893027,98,492.57441454387606
56,26,2.2582776452612596,88,470.108246822129
58,21,4.0925488470094775,76,231.87871996334923
23,14,2.173697005625892,75,107.26062655662106
24,69,2.532635686542572,63,90.79354051691784
40,26,2.288216257183924,66,127.59478829627918
10,94,0.9203358738888302,67,357.9649938766233
63,86,2.4848247121285265,94,143.74549741842904
12,54,1.3802417287003177,78,177.29838210610617
25,18,1.3402548309786866,69,229.90161395736123
96,68,0.9231624699541986,76,457.4840134065136
66,51,2.1050193836379414,67,102.80277476357459
84,33,3.908668481552378,53,12.463010778803525
21,80,1.7439876076252823,50,39.447241085303375
83,40,1.905570958484811,99,453.3355074232578
25,56,3.392035959525906,50,327.2830677732479
81,80,1.381283656641135,75,143.78990347062532
85,11,4.536310686905905,94,96.82432549548365
33,33,2.840857354631995,69,154.19070095218603
37,15,2.5142132314409764,72,66.25049435312725
17,37,3.010190863681406,59,471.35112603937614
45,10,1.2471544103728796,60,394.26102543898077
99,83,3.2606291238762934,90,236.57167668714496
17,36,2.1339533148530467,90,433.83167650644896
67,55,4.537338534340785,54,132.23452010368382
69,79,1.2598439300495876,50,361.38907855137484
59,62,2.781729967394485,66,429.50492451673426
37,91,3.191506832160581,71,184.8166686954036
50,30,0.6502262080387156,83,381.1575782708517
73,50,2.136619061402631,94,154.58545113951158
36,33,3.796858556153748,90,156.4399962769251
72,8,4.19169878352038,78,62.45801749155117
26,85,1.9092289766777706,53,225.62844278960537
82,17,4.09366972572238,54,367.5588341837369
42,43,4.85490144696525,60,470.70819472992963
93,19,4.355932712337923,70,305.8605260452571
86,33,1.0293979467169634,84,432.9364134905121
38,33,3.828786494384933,61,413.0223781522113
22,79,1.9385007459824513,75,94.93809595788761
55,36,4.947871952354344,68,248.0505401671894
44,6,2.6841154242194922,94,67.29253240744183
15,51,1.0509525426152346,56,344.2550491652011
91,82,3.7633349661232582,96,475.45083744057723
78,88,1.9535503927379623,56,77.17383445859069
56,26,4.986851706867478,75,369.60273409324526
34,79,4.909021060345348,89,319.7966939252519
75,31,3.452603081092613,54,295.9664681339689
19,71,1.084219020282729,70,201.15891499728622
65,85,3.5908744895376308,63,184.01450739936814
39,60,0.9186371890701224,53,32.17210261925505
14,25,0.6321387159607654,72,116.77526704348661
42,51,4.203313007996687,91,17.43667232054518
74,84,1.443888264576566,69,294.89438173519005
27,63,2.205622067985938,64,61.86808558017533
58,88,4.8805582548927795,99,437.77950307456086
20,10,2.0157822583749647,94,266.34008014161094
94,23,1.8342040157749187,78,352.8480554387671
35,61,4.631935998302488,57,211.31997500184326
72,73,0.9983680039353116,90,284.68410641051383
98,7,3.918120845515843,97,471.9029967136489
95,5,4.946295049937483,68,50.53967941559868
68,62,4.55583204848592,97,134.42950824261112
36,42,3.432505634178917,88,392.19428018616674
58,19,1.913273577467294,95,58.381231372506264
86,38,1.6444489153024253,77,47.07394091301432
42,65,4.186647971921575,95,187.1552853894789
10,39,4.459198612782629,76,55.16229965149183
30,68,2.864457106455618,53,296.6884366810395
64,29,1.5995297335390977,64,120.87487290013391
15,28,1.008244437850281,84,448.89200196769247
90,16,0.8923076052432403,86,393.9150396141758
78,22,3.73584851309235,50,352.85555098874335
14,19,2.3905342753147623,52,312.3025734184059
12,84,4.574119434250417,96,433.09820786731706
62,31,3.8285208532704367,73,119.30041015595087
32,76,1.3606718806156402,76,437.82333295447154
62,64,3.2619983846706457,89,396.8512262277856
46,50,2.459774544791717,85,376.5988049299659
83,93,3.0976237884587587,83,285.0152822567128
83,21,3.8213110550233274,78,130.65963887559406
92,57,4.127881464517058,73,217.5384788360292
26,12,4.2968179688302595,73,398.84962072401277
94,83,1.6428869355741114,91,25.57145733508898
87,31,0.6400201996281096,53,393.20487693924156
82,50,3.826826308241479,52,127.63466283890759
10,54,0.9785467681509856,83,80.71150835358549
60,75,1.9171381487583545,98,66.69364590834806
54,7,0.5171771035595621,72,23.352505855899405
86,68,3.5675126708072904,72,266.5573777585119
13,48,1.2520940516204957,94,116.94733761992745
71,57,3.448770843612462,54,494.82156523201945
74,28,4.962841777255274,80,291.4740103773808
41,64,0.8270189222450732,90,77.5637819844451
43,7,0.8468510537815731,55,347.493644997569
81,24,2.031710417000037,86,449.8943475897654
48,50,4.398739314131039,59,375.13795273111106
35,19,1.4698844095609933,89,47.45553190932936
43,29,2.121700189686564,56,448.9832487844032
63,82,0.8082743298214081,88,399.0253990713827
12,75,3.934198810665002,87,87.56891105175103
59,21,2.3373785424175297,70,35.37508547908026
21,88,3.9166192987737927,69,283.0821819040112
74,13,4.566235299560578,52,86.45754755658868
63,42,1.5474341619557994,71,418.9495667716833
14,52,4.133282136529781,96,185.58398176912013
66,64,0.7659225053521397,53,457.31729792092193
26,67,4.544813246811113,77,287.18720434909284
56,90,3.428458464014363,61,99.50946827743739
32,6,4.434020258622581,87,78.40344500630205
88,92,0.5008477980046185,85,292.4714944032994
94,76,1.2608648166019663,96,383.32296981259753
23,15,2.253917243419214,90,392.9377673936692
75,68,2.2077630651862337,54,145.1211281762278
84,81,1.520286723155798,62,110.08091186696207
60,85,2.2172537294024,72,18.210589201267382
47,76,1.0798192040011467,99,342.807584088573
73,25,2.357425081697117,79,47.5184466324341
47,22,4.110594481216689,86,216.17298886530364
59,68,2.6558152839650804,74,304.8242603689651
91,86,0.5810004002534674,97,469.1833830106417
39,42,2.396498187106613,76,162.78304710832663
88,36,0.6222875724087987,63,132.3883595987947
60,15,4.848095348180592,97,330.53847560018824
72,49,1.0735428174029105,96,313.427125706255
61,93,3.6845974684877842,85,172.73379382098105
47,37,4.877493453014386,88,464.7698993997954
97,45,4.217175732499573,65,423.98254046992
88,12,3.6469191880679164,71,119.75144747388977
39,15,4.277574092753451,70,127.17984726291635
60,90,4.9180941196728245,70,261.0271699746695
90,55,3.296050237640883,57,389.05032984805297
14,92,3.016331630731969,98,31.579785900347552
38,45,3.3270714970847663,65,349.73422533000627
13,21,2.8970414904269974,80,327.6355897172275
19,80,3.3579009765937347,91,123.42524699736424
65,50,2.5242899358765167,59,343.8629764882609
26,36,1.482994322974882,81,470.68976371352045
83,83,1.0411125193025403,83,32.925064036166575
26,84,0.8075342098951718,58,166.62950709311065
93,58,1.6849210268894004,66,224.70659116651407
97,90,0.7075560395108023,60,450.6375758730979
78,24,3.0522685096372353,81,481.5081088384868
43,37,1.7772280116058412,59,227.6164707832028
15,78,4.210406636391644,71,377.51392194967366
62,44,0.834083928447739,66,270.5139016445967
75,36,1.5185817245366868,53,273.5136380232745
86,6,3.7861076619056564,97,146.26876238251467
52,37,3.1946373337257112,96,116.30856047330096
84,81,0.7902107206212539,74,151.12261950278017
32,34,4.447577557229902,70,282.60072355596884
64,37,4.4476779327178075,86,24.286041150823607
89,81,1.9868360174409823,87,454.55198273463884
84,30,2.0318262950730412,98,86.57901767939035
25,26,4.950627612575783,50,117.84345166697942
17,70,3.317792772169122,74,263.9553264593467
13,42,2.890924342556266,85,357.9562355052669
13,94,4.271684825983661,66,56.907236824754676
65,50,1.7838065226079238,90,165.67040179810945
34,19,2.431321670283606,73,484.650556731435
76,48,1.7049950396975038,51,138.54805372266338
76,53,4.051223809649292,89,163.39457108094197
36,79,3.080072055358481,64,419.8842604028364
41,65,3.4647128156303175,81,34.60507152832307
59,71,1.6353826242773295,88,237.66045271639572
70,10,1.491013856197918,55,196.01221458131843
60,13,2.6976858304232243,50,165.12751235523908
28,10,3.8190458709177206,96,149.99280108193463
30,77,2.863578908840721,72,54.77331138160051
14,36,0.6469055489555087,88,164.26465638230792
91,45,4.408481778441299,66,31.0956773306776
51,80,0.7910910208180921,83,392.6722931857733
70,12,4.8012101767433855,90,205.13161903942571
31,76,0.6131388122477273,78,227.51287783675667
30,54,3.6250270525881896,58,447.8613473605645
79,66,0.8699317867030174,62,332.44694209199815
10,88,4.598044607458128,55,13.948960637638697
14,66,2.5899495630149425,55,472.15566325102964
21,11,1.1188569866765692,69,126.20078832907849
99,79,2.0336706490543097,52,62.73095053233084
55,88,1.2417110390604291,66,386.3828074066323
43,84,1.2676186020069051,98,255.23388477469192
58,8,4.76648744077149,61,222.5475773488286
87,10,2.503607505281547,97,132.25650904454346
99,62,4.0496101875741175,96,278.26103003253615
54,26,3.3782250252995683,94,144.44845654926786
36,30,3.5439186305227652,50,451.77567259066313
82,7,1.0926204731241733,66,115.45019506926447
35,45,1.5538300106696856,52,443.3340237233192
56,64,4.040376508194966,75,284.1086586064049
95,18,4.868447929136523,64,415.9591856086681
65,79,1.6820403916939328,85,359.29453797186795
72,86,1.7220594413796793,81,351.3806046040068
57,16,2.628037097649072,81,168.9294457705773
70,91,4.92728140784947,53,124.6094964213797
90,16,1.7103152562191197,67,113.33425156358618
35,17,2.3313735933541873,98,430.0239119591985
45,29,4.511660070305781,68,412.0091419269198
10,49,0.513144646796129,92,225.8810287260306
17,23,0.678946842448563,84,74.87826061326275
61,59,3.2183225468204864,89,197.3036034689546
88,49,4.583210741207812,63,313.4782925270866
56,12,1.5748549718086744,82,232.65754569517688
65,57,2.6133879860631906,63,392.2927415566675
95,59,2.5270938574601822,83,498.83518290317886
23,36,2.6283710574297956,53,103.65472333995945
99,55,3.3013386307838535,73,235.2289016331905
37,48,2.6138469334580767,78,221.1821119412028
96,86,2.51360663595106,68,159.2013410469859
87,74,2.6342978919406725,55,107.06680319294189
97,22,3.1589034857196867,82,42.18913707993302
11,87,2.9165336975811127,98,444.68846543961223
35,26,4.343611989427269,89,215.72586186629562
23,41,0.7227358407214998,68,253.47880406502395
68,60,4.249926821628556,50,459.3016036184488
65,63,4.297660756752759,54,390.38233398281443
16,7,1.7820860968893237,76,73.94561941742026
12,32,2.582833797571328,65,287.05578412779374
32,78,2.47342319841846,55,226.70361549458397
27,39,1.4832942545935863,89,400.6334255635938
47,65,2.2855858118884242,62,364.8739483298551
24,58,0.6997449747688449,97,348.29880373642527
73,67,1.750199327517805,84,176.86696938514947
98,83,4.175069789528232,68,404.4322278956347
37,11,1.780530357933039,61,35.671734841482
83,80,4.181930009367115,65,88.21620170176195
48,53,2.892197590719939,92,174.45540375917673
66,89,4.45938204812522,59,47.63564612394783
26,35,3.0865079941898683,74,125.14719599199888
95,62,0.6335070037913292,69,416.7739816689799
99,65,3.5393909339619016,80,474.6432535171389
53,28,0.701841056106059,53,159.25515432935333
34,24,2.527686585424103,93,139.61274395453074
26,41,4.682420125129013,72,147.14739960074917
22,8,1.2434177270203257,51,146.0823528019135
93,24,2.2544255882369484,71,27.605789271126767
34,64,3.784371389818153,86,464.18900970224297
77,28,4.470163502426814,57,114.71208936946091
19,54,3.5192435213412856,56,215.80199629988843
76,53,1.6617796438602614,63,14.746572543074192
27,55,3.5357353381229726,52,430.397994548378
95,40,1.835274384968405,99,368.26709878290944
43,70,3.7329315341843086,65,473.91045723511456
17,83,4.793149074132683,68,392.99158480623555
49,38,3.7462705299782972,67,163.71619090551195
92,40,4.382962263105856,65,131.4579457769276
51,10,0.5094672942914753,57,351.88099070111355
50,43,3.7290745612921747,82,188.41525975514472
15,46,4.233144005893626,98,287.44535771878213
61,62,0.6825143189510664,61,13.066160802970412
35,16,4.422189772797038,60,40.32399382343287
73,7,1.6551240273952064,54,272.33029117900907
68,22,3.4938144589012485,76,287.3751067596009
65,44,4.10159695560533,61,378.2119427850784
68,25,3.4819903087670996,66,74.66300661574125
79,19,0.9152815643296576,55,261.4597110408216
42,30,3.1834468348716576,82,105.27934577152742
62,12,2.973126455249646,54,55.6660985857204
31,91,4.5514457063342215,77,211.14293908967176
30,46,2.3190787833989415,63,90.03495756363805
79,48,1.9448649368917255,54,118.6731693142361
79,18,3.8743284399640983,82,165.60174413605586
13,82,2.357038967375285,99,137.10031636416616
84,6,3.4074327875227834,97,52.919735728913736
71,41,3.4090254055607314,90,54.05895998125412
71,73,4.49617578962053,68,104.6922134647424
33,42,3.194115810435938,71,34.77400210017409
64,45,2.759691244828941,54,316.9639396416943
18,66,1.1249209687843265,51,150.79009108936197
12,64,1.020819230054174,79,147.0755242068448
40,18,1.1944470437738572,96,172.67916417650494
49,93,1.2733181659719253,88,334.7701743627636
45,88,3.3704469169863525,53,436.61060192691036
33,6,3.8344156262356033,82,381.9525969522628
15,74,2.884961853168884,62,366.4893228102965
75,21,4.23057979645471,69,247.35168094441613
93,93,4.960684520301349,56,349.96472291403177
84,32,4.1900568310371025,64,280.85356033645576
13,70,3.6269706815418163,72,115.96275881139915
88,39,2.89621714746716,63,112.20830019311485
15,9,2.519838822536187,72,155.23208336888888
60,69,0.8797657124504406,68,456.2933087752085
71,44,2.2971593677761093,78,278.2332717860657
66,80,4.595605865519604,69,369.61363473091603
75,60,4.136101834579488,78,179.8137923101083
88,40,1.4722311425525925,73,209.78072762596037
84,49,2.599735031137471,67,71.52713353225317
17,27,4.175254411513451,59,93.93452933261848
35,51,0.8032304965348513,90,415.4047118648113
60,35,2.243266635508967,57,296.5709295275522
54,15,4.333285565932764,75,175.39090828307127
53,14,2.317540388765557,78,403.3970924078175
14,71,0.8492659012914838,59,130.79475376261166
79,18,2.9414046583951317,66,488.2560223140999
35,84,4.377841227132329,51,178.9606277956232
77,78,3.1562849432892186,55,175.28236753410152
28,14,1.518255986964043,54,162.83683371298557
93,80,2.229078290618216,77,69.83464280290109
29,5,2.5255551253186947,90,64.45720219268608
21,9,3.106698592192371,54,327.57146692172046
56,24,3.9170796158867587,67,438.80784183344304
10,12,0.9449312793828593,75,397.35505003312
99,47,4.503434148579048,69,79.14272107046203
23,80,0.5553936635723402,90,277.33523967811254
73,5,2.165235506034149,98,61.7398575285536
47,61,0.6233913948769594,76,32.19437537040795
46,68,2.2683840140538107,98,331.6290710985359
20,88,2.866156694929957,61,272.2246435033717
86,32,2.802566239616803,56,50.19160575362072
12,41,1.2453275616271942,52,27.12023073893434
42,51,3.405832295430255,59,494.980642570574
15,80,0.701503027271007,83,24.71045275304522
59,41,3.928580690595869,74,227.81884399457823
19,53,4.759899952970958,84,257.26332205777084
14,48,2.0289597221800304,65,67.46727242221807
32,60,2.8275772177144938,51,92.84027143546096
19,32,2.205096251264665,73,182.38445314107273
53,83,0.5301967563682698,59,383.2211793446947
11,10,2.2364352630280218,87,258.4703877895307
22,65,4.062741166676059,71,322.57191853095117
49,24,3.1819497898256683,75,492.73553199443063
11,82,0.9556696157682152,92,386.3226633034727
93,6,4.312127703622033,88,222.8371340891967
74,77,2.889884051983593,76,228.75654168030889
72,41,4.287755127851042,78,313.19831775009243
82,24,3.110996834532632,96,336.0289521252631
26,30,3.0185980017707297,87,255.34835365996895
18,33,0.9736663333865557,69,325.98199917934016
84,5,1.2531187991238257,76,21.530922262908398
24,39,4.87411365423466,90,220.51520330945363
33,74,1.5281903603964684,69,146.6796572760036
47,63,4.898534530956655,93,73.2954781691241
44,73,2.893607179359185,68,58.777791276299816
58,37,1.111050711787717,69,305.5641611511871
78,55,0.9468599123916183,84,266.5642681047797
71,82,1.43988831817583,96,134.25621732822088
69,16,4.665367985114011,51,240.7655287985321
59,24,2.363676009477021,79,251.19383443938005
87,57,2.279454205968115,83,105.55440041492174
84,92,1.909428174815783,71,329.5256003220088
18,47,1.1617783275496478,52,392.6504846291843
43,93,2.695330387365829,55,397.8171350358643
85,54,1.0852150213001241,64,305.21021704469297
44,33,4.259661063720474,76,260.7029054343169
10,61,2.166786438238879,59,39.8935000726435
49,43,2.1866160550180833,58,151.03733643728688
73,60,2.6330289281742014,82,55.70300892130325
31,47,2.498574709245882,81,482.2733488304521
69,54,4.976860878766947,97,76.18927165062274
73,27,2.9542150454823615,55,84.36995082704
81,48,0.896907667054418,90,445.8925429819412
